"","Anno","Mese","Municipio","Incidenti","Feriti","Morti"
"1",2001,1,NA,50,69,1
"2",2001,1,1,171,209,0
"3",2001,1,2,91,115,1
"4",2001,1,3,141,187,1
"5",2001,1,4,105,154,0
"6",2001,1,5,118,173,0
"7",2001,1,6,98,133,0
"8",2001,1,7,140,186,3
"9",2001,1,8,141,189,1
"10",2001,1,9,178,275,1
"11",2001,2,NA,41,59,0
"12",2001,2,1,161,210,1
"13",2001,2,2,90,136,1
"14",2001,2,3,147,200,1
"15",2001,2,4,122,165,1
"16",2001,2,5,95,129,0
"17",2001,2,6,104,139,1
"18",2001,2,7,113,150,2
"19",2001,2,8,159,213,3
"20",2001,2,9,156,215,1
"21",2001,3,NA,51,60,0
"22",2001,3,1,190,245,1
"23",2001,3,2,82,106,1
"24",2001,3,3,178,260,1
"25",2001,3,4,130,187,2
"26",2001,3,5,151,237,1
"27",2001,3,6,111,147,0
"28",2001,3,7,156,214,0
"29",2001,3,8,189,251,0
"30",2001,3,9,181,270,1
"31",2001,4,NA,47,63,1
"32",2001,4,1,164,219,0
"33",2001,4,2,110,141,1
"34",2001,4,3,177,250,0
"35",2001,4,4,161,233,1
"36",2001,4,5,128,186,0
"37",2001,4,6,95,130,1
"38",2001,4,7,128,188,0
"39",2001,4,8,158,221,1
"40",2001,4,9,201,273,3
"41",2001,5,NA,54,71,0
"42",2001,5,1,205,267,0
"43",2001,5,2,87,127,1
"44",2001,5,3,207,287,1
"45",2001,5,4,194,275,1
"46",2001,5,5,152,204,0
"47",2001,5,6,137,221,0
"48",2001,5,7,192,271,1
"49",2001,5,8,229,299,0
"50",2001,5,9,240,331,0
"51",2001,6,NA,53,81,1
"52",2001,6,1,237,293,1
"53",2001,6,2,137,186,0
"54",2001,6,3,211,315,0
"55",2001,6,4,178,247,1
"56",2001,6,5,202,260,2
"57",2001,6,6,156,197,0
"58",2001,6,7,206,278,1
"59",2001,6,8,222,307,2
"60",2001,6,9,240,342,1
"61",2001,7,NA,52,64,1
"62",2001,7,1,203,258,0
"63",2001,7,2,107,138,0
"64",2001,7,3,223,301,2
"65",2001,7,4,181,236,3
"66",2001,7,5,164,240,0
"67",2001,7,6,128,178,1
"68",2001,7,7,164,218,1
"69",2001,7,8,208,279,1
"70",2001,7,9,227,311,0
"71",2001,8,NA,24,37,0
"72",2001,8,1,85,129,1
"73",2001,8,2,64,88,2
"74",2001,8,3,112,167,0
"75",2001,8,4,84,117,0
"76",2001,8,5,87,137,2
"77",2001,8,6,64,88,1
"78",2001,8,7,84,127,0
"79",2001,8,8,117,155,0
"80",2001,8,9,127,176,1
"81",2001,9,NA,50,82,0
"82",2001,9,1,182,248,0
"83",2001,9,2,106,146,0
"84",2001,9,3,182,261,0
"85",2001,9,4,155,229,1
"86",2001,9,5,154,218,1
"87",2001,9,6,116,150,2
"88",2001,9,7,168,230,0
"89",2001,9,8,188,250,0
"90",2001,9,9,190,261,2
"91",2001,10,NA,64,91,0
"92",2001,10,1,216,285,1
"93",2001,10,2,101,138,0
"94",2001,10,3,225,311,1
"95",2001,10,4,177,233,1
"96",2001,10,5,143,188,0
"97",2001,10,6,149,203,0
"98",2001,10,7,181,235,0
"99",2001,10,8,192,257,1
"100",2001,10,9,227,321,2
"101",2001,11,NA,66,87,0
"102",2001,11,1,206,279,0
"103",2001,11,2,99,152,1
"104",2001,11,3,211,285,1
"105",2001,11,4,159,223,2
"106",2001,11,5,147,194,1
"107",2001,11,6,126,165,0
"108",2001,11,7,143,192,1
"109",2001,11,8,213,286,0
"110",2001,11,9,213,307,0
"111",2001,12,NA,53,81,0
"112",2001,12,1,187,238,0
"113",2001,12,2,97,116,0
"114",2001,12,3,162,239,0
"115",2001,12,4,136,181,1
"116",2001,12,5,152,213,1
"117",2001,12,6,125,197,1
"118",2001,12,7,153,214,1
"119",2001,12,8,184,250,1
"120",2001,12,9,207,272,0
"121",2002,1,NA,41,51,0
"122",2002,1,1,148,201,1
"123",2002,1,2,81,110,1
"124",2002,1,3,149,208,1
"125",2002,1,4,126,183,2
"126",2002,1,5,130,182,0
"127",2002,1,6,125,169,1
"128",2002,1,7,114,151,0
"129",2002,1,8,153,219,1
"130",2002,1,9,169,225,0
"131",2002,2,NA,54,73,0
"132",2002,2,1,144,189,2
"133",2002,2,2,83,105,0
"134",2002,2,3,153,193,1
"135",2002,2,4,112,148,2
"136",2002,2,5,112,162,2
"137",2002,2,6,101,132,2
"138",2002,2,7,119,167,0
"139",2002,2,8,144,196,1
"140",2002,2,9,170,229,1
"141",2002,3,NA,50,82,0
"142",2002,3,1,192,258,0
"143",2002,3,2,97,133,0
"144",2002,3,3,190,264,1
"145",2002,3,4,119,167,0
"146",2002,3,5,146,197,1
"147",2002,3,6,135,217,0
"148",2002,3,7,134,172,0
"149",2002,3,8,166,237,0
"150",2002,3,9,206,294,1
"151",2002,4,NA,55,79,0
"152",2002,4,1,168,211,2
"153",2002,4,2,110,170,0
"154",2002,4,3,180,266,0
"155",2002,4,4,140,201,1
"156",2002,4,5,138,201,2
"157",2002,4,6,122,156,0
"158",2002,4,7,151,241,0
"159",2002,4,8,186,251,4
"160",2002,4,9,189,263,1
"161",2002,5,NA,63,84,1
"162",2002,5,1,198,243,0
"163",2002,5,2,120,182,0
"164",2002,5,3,208,282,0
"165",2002,5,4,169,229,1
"166",2002,5,5,157,216,1
"167",2002,5,6,119,153,0
"168",2002,5,7,178,265,1
"169",2002,5,8,185,245,2
"170",2002,5,9,229,314,0
"171",2002,6,NA,61,80,0
"172",2002,6,1,168,209,1
"173",2002,6,2,90,110,0
"174",2002,6,3,211,294,0
"175",2002,6,4,155,221,2
"176",2002,6,5,166,206,1
"177",2002,6,6,134,207,0
"178",2002,6,7,161,214,0
"179",2002,6,8,169,232,2
"180",2002,6,9,204,274,1
"181",2002,7,NA,87,125,2
"182",2002,7,1,183,238,0
"183",2002,7,2,119,153,0
"184",2002,7,3,206,277,0
"185",2002,7,4,172,227,1
"186",2002,7,5,135,197,2
"187",2002,7,6,147,204,0
"188",2002,7,7,175,240,0
"189",2002,7,8,220,291,1
"190",2002,7,9,247,335,2
"191",2002,8,NA,40,57,0
"192",2002,8,1,84,117,0
"193",2002,8,2,61,95,0
"194",2002,8,3,109,163,0
"195",2002,8,4,76,105,0
"196",2002,8,5,73,110,1
"197",2002,8,6,50,70,0
"198",2002,8,7,90,125,1
"199",2002,8,8,85,120,1
"200",2002,8,9,124,179,2
"201",2002,9,NA,53,73,0
"202",2002,9,1,211,260,0
"203",2002,9,2,105,151,1
"204",2002,9,3,185,237,0
"205",2002,9,4,154,210,1
"206",2002,9,5,145,209,0
"207",2002,9,6,135,184,1
"208",2002,9,7,154,208,1
"209",2002,9,8,205,286,1
"210",2002,9,9,189,264,0
"211",2002,10,NA,64,86,0
"212",2002,10,1,225,296,0
"213",2002,10,2,135,171,2
"214",2002,10,3,235,324,0
"215",2002,10,4,179,239,1
"216",2002,10,5,135,192,0
"217",2002,10,6,147,189,0
"218",2002,10,7,190,239,0
"219",2002,10,8,228,298,1
"220",2002,10,9,240,353,1
"221",2002,11,NA,57,79,2
"222",2002,11,1,250,327,1
"223",2002,11,2,131,174,0
"224",2002,11,3,197,276,0
"225",2002,11,4,183,234,1
"226",2002,11,5,157,228,1
"227",2002,11,6,138,185,1
"228",2002,11,7,166,243,1
"229",2002,11,8,223,309,1
"230",2002,11,9,198,270,0
"231",2002,12,NA,60,87,0
"232",2002,12,1,206,271,0
"233",2002,12,2,140,191,0
"234",2002,12,3,162,225,0
"235",2002,12,4,128,181,0
"236",2002,12,5,115,176,1
"237",2002,12,6,122,166,0
"238",2002,12,7,142,185,0
"239",2002,12,8,183,294,0
"240",2002,12,9,165,232,0
"241",2003,1,NA,45,84,0
"242",2003,1,1,168,235,1
"243",2003,1,2,94,125,0
"244",2003,1,3,156,215,0
"245",2003,1,4,108,145,0
"246",2003,1,5,120,160,0
"247",2003,1,6,87,125,0
"248",2003,1,7,130,186,1
"249",2003,1,8,162,227,0
"250",2003,1,9,166,232,0
"251",2003,2,NA,48,70,0
"252",2003,2,1,145,168,0
"253",2003,2,2,94,128,0
"254",2003,2,3,147,213,0
"255",2003,2,4,129,187,0
"256",2003,2,5,113,146,2
"257",2003,2,6,84,126,1
"258",2003,2,7,111,146,0
"259",2003,2,8,142,206,1
"260",2003,2,9,133,188,1
"261",2003,3,NA,57,85,0
"262",2003,3,1,170,218,0
"263",2003,3,2,101,134,0
"264",2003,3,3,167,229,1
"265",2003,3,4,159,194,0
"266",2003,3,5,159,229,2
"267",2003,3,6,118,163,2
"268",2003,3,7,157,228,0
"269",2003,3,8,181,242,1
"270",2003,3,9,210,323,2
"271",2003,4,NA,68,87,0
"272",2003,4,1,180,238,0
"273",2003,4,2,97,140,1
"274",2003,4,3,170,225,1
"275",2003,4,4,131,183,0
"276",2003,4,5,142,200,3
"277",2003,4,6,124,171,0
"278",2003,4,7,136,198,0
"279",2003,4,8,165,198,0
"280",2003,4,9,194,261,0
"281",2003,5,NA,74,91,1
"282",2003,5,1,213,260,0
"283",2003,5,2,112,153,2
"284",2003,5,3,207,301,1
"285",2003,5,4,180,244,1
"286",2003,5,5,167,222,2
"287",2003,5,6,136,189,1
"288",2003,5,7,192,257,0
"289",2003,5,8,211,277,1
"290",2003,5,9,257,364,1
"291",2003,6,NA,68,89,1
"292",2003,6,1,189,228,0
"293",2003,6,2,101,135,1
"294",2003,6,3,188,238,0
"295",2003,6,4,170,222,0
"296",2003,6,5,152,213,2
"297",2003,6,6,136,180,1
"298",2003,6,7,199,273,3
"299",2003,6,8,194,256,2
"300",2003,6,9,230,329,2
"301",2003,7,NA,55,62,0
"302",2003,7,1,175,207,0
"303",2003,7,2,99,126,0
"304",2003,7,3,171,220,0
"305",2003,7,4,147,178,1
"306",2003,7,5,130,167,1
"307",2003,7,6,135,183,0
"308",2003,7,7,142,189,2
"309",2003,7,8,181,243,0
"310",2003,7,9,188,231,0
"311",2003,8,NA,24,24,0
"312",2003,8,1,64,77,0
"313",2003,8,2,53,68,2
"314",2003,8,3,92,131,0
"315",2003,8,4,70,99,2
"316",2003,8,5,55,79,0
"317",2003,8,6,57,78,0
"318",2003,8,7,87,122,0
"319",2003,8,8,87,119,0
"320",2003,8,9,110,164,1
"321",2003,9,NA,57,77,0
"322",2003,9,1,181,233,0
"323",2003,9,2,86,116,0
"324",2003,9,3,188,263,1
"325",2003,9,4,116,161,0
"326",2003,9,5,138,184,1
"327",2003,9,6,119,148,0
"328",2003,9,7,181,230,1
"329",2003,9,8,172,212,3
"330",2003,9,9,166,215,3
"331",2003,10,NA,61,88,0
"332",2003,10,1,222,268,0
"333",2003,10,2,116,145,1
"334",2003,10,3,234,315,0
"335",2003,10,4,171,231,2
"336",2003,10,5,146,199,0
"337",2003,10,6,142,183,0
"338",2003,10,7,190,251,0
"339",2003,10,8,213,284,1
"340",2003,10,9,211,282,1
"341",2003,11,NA,50,66,1
"342",2003,11,1,182,225,1
"343",2003,11,2,88,125,0
"344",2003,11,3,167,228,0
"345",2003,11,4,127,171,0
"346",2003,11,5,155,196,0
"347",2003,11,6,135,179,0
"348",2003,11,7,174,229,2
"349",2003,11,8,162,203,2
"350",2003,11,9,197,291,1
"351",2003,12,NA,64,90,0
"352",2003,12,1,167,221,0
"353",2003,12,2,119,161,0
"354",2003,12,3,174,224,0
"355",2003,12,4,115,155,0
"356",2003,12,5,151,201,0
"357",2003,12,6,98,133,0
"358",2003,12,7,169,224,0
"359",2003,12,8,164,220,0
"360",2003,12,9,185,249,0
"361",2004,1,NA,39,61,0
"362",2004,1,1,151,172,1
"363",2004,1,2,84,117,0
"364",2004,1,3,162,205,0
"365",2004,1,4,115,156,1
"366",2004,1,5,119,163,0
"367",2004,1,6,101,146,1
"368",2004,1,7,118,170,1
"369",2004,1,8,151,204,2
"370",2004,1,9,171,241,0
"371",2004,2,NA,42,55,0
"372",2004,2,1,144,165,1
"373",2004,2,2,68,93,0
"374",2004,2,3,136,172,0
"375",2004,2,4,112,165,0
"376",2004,2,5,126,189,1
"377",2004,2,6,97,135,1
"378",2004,2,7,114,164,0
"379",2004,2,8,136,186,1
"380",2004,2,9,157,215,1
"381",2004,3,NA,55,75,0
"382",2004,3,1,171,229,0
"383",2004,3,2,90,121,0
"384",2004,3,3,170,218,0
"385",2004,3,4,120,151,1
"386",2004,3,5,123,174,1
"387",2004,3,6,96,143,0
"388",2004,3,7,128,162,0
"389",2004,3,8,159,225,0
"390",2004,3,9,186,244,0
"391",2004,4,NA,66,91,0
"392",2004,4,1,165,214,0
"393",2004,4,2,88,124,1
"394",2004,4,3,177,226,0
"395",2004,4,4,134,187,1
"396",2004,4,5,134,195,0
"397",2004,4,6,115,143,0
"398",2004,4,7,166,230,2
"399",2004,4,8,158,220,0
"400",2004,4,9,188,256,2
"401",2004,5,NA,63,76,0
"402",2004,5,1,214,292,0
"403",2004,5,2,110,142,1
"404",2004,5,3,195,259,1
"405",2004,5,4,151,190,0
"406",2004,5,5,157,223,2
"407",2004,5,6,129,164,1
"408",2004,5,7,157,217,0
"409",2004,5,8,189,239,3
"410",2004,5,9,213,297,1
"411",2004,6,NA,58,74,2
"412",2004,6,1,172,206,2
"413",2004,6,2,94,129,1
"414",2004,6,3,206,280,0
"415",2004,6,4,170,211,1
"416",2004,6,5,174,232,2
"417",2004,6,6,136,178,1
"418",2004,6,7,179,245,1
"419",2004,6,8,199,263,0
"420",2004,6,9,189,304,1
"421",2004,7,NA,71,91,0
"422",2004,7,1,169,208,0
"423",2004,7,2,96,135,0
"424",2004,7,3,216,295,0
"425",2004,7,4,142,192,3
"426",2004,7,5,157,210,1
"427",2004,7,6,103,131,0
"428",2004,7,7,162,203,0
"429",2004,7,8,201,264,0
"430",2004,7,9,212,274,0
"431",2004,8,NA,30,37,0
"432",2004,8,1,56,76,0
"433",2004,8,2,64,98,0
"434",2004,8,3,101,137,0
"435",2004,8,4,58,84,0
"436",2004,8,5,78,106,0
"437",2004,8,6,60,71,0
"438",2004,8,7,63,88,1
"439",2004,8,8,79,100,0
"440",2004,8,9,110,150,1
"441",2004,9,NA,66,88,1
"442",2004,9,1,177,221,0
"443",2004,9,2,113,156,0
"444",2004,9,3,182,248,0
"445",2004,9,4,146,174,1
"446",2004,9,5,137,190,2
"447",2004,9,6,106,132,0
"448",2004,9,7,161,223,1
"449",2004,9,8,184,257,0
"450",2004,9,9,188,267,1
"451",2004,10,NA,73,100,0
"452",2004,10,1,223,278,2
"453",2004,10,2,118,165,0
"454",2004,10,3,243,321,1
"455",2004,10,4,177,226,1
"456",2004,10,5,149,200,2
"457",2004,10,6,127,165,1
"458",2004,10,7,157,196,1
"459",2004,10,8,222,297,0
"460",2004,10,9,221,308,1
"461",2004,11,NA,59,80,0
"462",2004,11,1,159,200,0
"463",2004,11,2,79,117,0
"464",2004,11,3,203,267,0
"465",2004,11,4,135,194,0
"466",2004,11,5,130,187,2
"467",2004,11,6,106,149,0
"468",2004,11,7,115,144,1
"469",2004,11,8,179,256,1
"470",2004,11,9,210,277,4
"471",2004,12,NA,60,84,0
"472",2004,12,1,157,200,0
"473",2004,12,2,97,135,1
"474",2004,12,3,164,238,0
"475",2004,12,4,119,153,0
"476",2004,12,5,139,193,3
"477",2004,12,6,111,159,1
"478",2004,12,7,130,169,1
"479",2004,12,8,194,245,1
"480",2004,12,9,185,271,0
"481",2005,1,NA,41,56,0
"482",2005,1,1,125,159,1
"483",2005,1,2,76,111,0
"484",2005,1,3,151,203,1
"485",2005,1,4,108,139,0
"486",2005,1,5,111,164,1
"487",2005,1,6,97,137,1
"488",2005,1,7,97,144,0
"489",2005,1,8,130,175,4
"490",2005,1,9,132,194,0
"491",2005,2,NA,50,64,0
"492",2005,2,1,146,193,2
"493",2005,2,2,75,104,0
"494",2005,2,3,139,196,0
"495",2005,2,4,112,136,1
"496",2005,2,5,120,173,1
"497",2005,2,6,87,130,2
"498",2005,2,7,87,119,1
"499",2005,2,8,134,178,3
"500",2005,2,9,148,200,0
"501",2005,3,NA,57,82,0
"502",2005,3,1,133,157,1
"503",2005,3,2,75,100,0
"504",2005,3,3,150,210,1
"505",2005,3,4,100,123,2
"506",2005,3,5,129,169,1
"507",2005,3,6,101,130,1
"508",2005,3,7,126,170,1
"509",2005,3,8,167,217,1
"510",2005,3,9,147,206,2
"511",2005,4,NA,59,82,0
"512",2005,4,1,166,209,1
"513",2005,4,2,73,90,0
"514",2005,4,3,145,195,0
"515",2005,4,4,146,193,1
"516",2005,4,5,138,205,2
"517",2005,4,6,123,149,0
"518",2005,4,7,141,185,0
"519",2005,4,8,132,173,1
"520",2005,4,9,186,256,0
"521",2005,5,NA,79,95,0
"522",2005,5,1,210,278,1
"523",2005,5,2,102,138,1
"524",2005,5,3,193,249,1
"525",2005,5,4,152,206,1
"526",2005,5,5,118,163,0
"527",2005,5,6,109,140,0
"528",2005,5,7,166,224,1
"529",2005,5,8,201,249,1
"530",2005,5,9,210,296,1
"531",2005,6,NA,61,78,0
"532",2005,6,1,162,200,1
"533",2005,6,2,98,128,0
"534",2005,6,3,185,241,0
"535",2005,6,4,118,168,1
"536",2005,6,5,142,218,0
"537",2005,6,6,116,147,0
"538",2005,6,7,142,198,0
"539",2005,6,8,216,287,0
"540",2005,6,9,196,264,2
"541",2005,7,NA,61,80,2
"542",2005,7,1,156,194,0
"543",2005,7,2,101,130,0
"544",2005,7,3,195,257,1
"545",2005,7,4,166,224,0
"546",2005,7,5,151,222,0
"547",2005,7,6,110,136,0
"548",2005,7,7,153,195,2
"549",2005,7,8,160,219,0
"550",2005,7,9,172,242,0
"551",2005,8,NA,39,51,0
"552",2005,8,1,79,111,0
"553",2005,8,2,65,94,0
"554",2005,8,3,106,139,2
"555",2005,8,4,76,97,1
"556",2005,8,5,87,120,0
"557",2005,8,6,66,87,0
"558",2005,8,7,83,104,1
"559",2005,8,8,77,102,0
"560",2005,8,9,118,164,0
"561",2005,9,NA,64,96,0
"562",2005,9,1,172,209,1
"563",2005,9,2,99,129,1
"564",2005,9,3,153,201,1
"565",2005,9,4,127,183,1
"566",2005,9,5,124,175,1
"567",2005,9,6,119,157,1
"568",2005,9,7,144,188,0
"569",2005,9,8,157,203,4
"570",2005,9,9,183,246,0
"571",2005,10,NA,64,89,0
"572",2005,10,1,193,257,1
"573",2005,10,2,107,162,0
"574",2005,10,3,162,192,1
"575",2005,10,4,123,166,0
"576",2005,10,5,140,195,1
"577",2005,10,6,96,120,0
"578",2005,10,7,163,204,0
"579",2005,10,8,155,201,1
"580",2005,10,9,205,285,3
"581",2005,11,NA,79,124,2
"582",2005,11,1,180,221,1
"583",2005,11,2,89,128,0
"584",2005,11,3,171,234,0
"585",2005,11,4,152,197,0
"586",2005,11,5,133,180,0
"587",2005,11,6,116,147,0
"588",2005,11,7,133,181,1
"589",2005,11,8,225,305,1
"590",2005,11,9,177,237,0
"591",2005,12,NA,62,84,1
"592",2005,12,1,145,202,0
"593",2005,12,2,63,94,0
"594",2005,12,3,130,192,0
"595",2005,12,4,99,137,0
"596",2005,12,5,119,181,0
"597",2005,12,6,92,120,1
"598",2005,12,7,123,156,2
"599",2005,12,8,144,186,2
"600",2005,12,9,142,208,2
"601",2006,1,NA,50,62,1
"602",2006,1,1,183,222,1
"603",2006,1,2,76,103,0
"604",2006,1,3,154,208,0
"605",2006,1,4,102,145,0
"606",2006,1,5,114,160,0
"607",2006,1,6,87,111,0
"608",2006,1,7,136,180,3
"609",2006,1,8,143,197,3
"610",2006,1,9,162,240,0
"611",2006,2,NA,40,52,2
"612",2006,2,1,100,124,2
"613",2006,2,2,63,109,1
"614",2006,2,3,120,154,1
"615",2006,2,4,107,145,2
"616",2006,2,5,88,123,0
"617",2006,2,6,71,88,1
"618",2006,2,7,105,128,3
"619",2006,2,8,116,149,3
"620",2006,2,9,130,177,0
"621",2006,3,NA,79,105,0
"622",2006,3,1,147,193,0
"623",2006,3,2,79,96,0
"624",2006,3,3,163,211,0
"625",2006,3,4,153,205,0
"626",2006,3,5,126,176,1
"627",2006,3,6,86,133,1
"628",2006,3,7,116,152,1
"629",2006,3,8,184,234,1
"630",2006,3,9,163,214,0
"631",2006,4,NA,48,61,1
"632",2006,4,1,163,205,2
"633",2006,4,2,100,137,0
"634",2006,4,3,141,200,0
"635",2006,4,4,108,165,0
"636",2006,4,5,102,139,1
"637",2006,4,6,108,137,0
"638",2006,4,7,115,155,0
"639",2006,4,8,145,209,0
"640",2006,4,9,144,195,1
"641",2006,5,NA,71,102,1
"642",2006,5,1,183,229,0
"643",2006,5,2,99,145,0
"644",2006,5,3,158,210,1
"645",2006,5,4,143,198,1
"646",2006,5,5,140,194,2
"647",2006,5,6,132,165,0
"648",2006,5,7,124,150,0
"649",2006,5,8,191,243,0
"650",2006,5,9,170,246,1
"651",2006,6,NA,62,79,0
"652",2006,6,1,171,213,0
"653",2006,6,2,103,137,0
"654",2006,6,3,171,219,1
"655",2006,6,4,147,195,1
"656",2006,6,5,138,180,4
"657",2006,6,6,114,147,0
"658",2006,6,7,163,216,1
"659",2006,6,8,194,256,0
"660",2006,6,9,202,283,0
"661",2006,7,NA,60,74,0
"662",2006,7,1,157,206,0
"663",2006,7,2,92,121,0
"664",2006,7,3,174,233,1
"665",2006,7,4,123,177,1
"666",2006,7,5,124,165,2
"667",2006,7,6,109,144,0
"668",2006,7,7,141,185,3
"669",2006,7,8,188,249,3
"670",2006,7,9,174,249,4
"671",2006,8,NA,29,40,0
"672",2006,8,1,69,80,0
"673",2006,8,2,59,88,0
"674",2006,8,3,80,109,0
"675",2006,8,4,75,122,0
"676",2006,8,5,54,73,1
"677",2006,8,6,49,71,1
"678",2006,8,7,85,129,1
"679",2006,8,8,74,93,1
"680",2006,8,9,108,175,1
"681",2006,9,NA,50,73,0
"682",2006,9,1,143,180,0
"683",2006,9,2,89,120,1
"684",2006,9,3,171,229,1
"685",2006,9,4,128,186,0
"686",2006,9,5,118,161,1
"687",2006,9,6,107,135,0
"688",2006,9,7,102,137,0
"689",2006,9,8,186,249,1
"690",2006,9,9,169,232,0
"691",2006,10,NA,62,82,0
"692",2006,10,1,173,220,1
"693",2006,10,2,96,121,0
"694",2006,10,3,158,192,1
"695",2006,10,4,162,221,1
"696",2006,10,5,166,224,1
"697",2006,10,6,131,169,1
"698",2006,10,7,127,166,1
"699",2006,10,8,211,277,1
"700",2006,10,9,185,257,1
"701",2006,11,NA,68,91,0
"702",2006,11,1,175,221,0
"703",2006,11,2,92,129,0
"704",2006,11,3,184,256,1
"705",2006,11,4,150,220,0
"706",2006,11,5,124,174,0
"707",2006,11,6,106,147,1
"708",2006,11,7,138,179,0
"709",2006,11,8,181,234,1
"710",2006,11,9,218,299,1
"711",2006,12,NA,56,73,0
"712",2006,12,1,145,197,0
"713",2006,12,2,63,92,0
"714",2006,12,3,147,197,2
"715",2006,12,4,129,182,1
"716",2006,12,5,103,134,0
"717",2006,12,6,104,135,1
"718",2006,12,7,144,189,0
"719",2006,12,8,183,235,3
"720",2006,12,9,191,266,0
"721",2007,1,NA,53,62,0
"722",2007,1,1,143,182,0
"723",2007,1,2,89,115,1
"724",2007,1,3,156,212,0
"725",2007,1,4,86,120,1
"726",2007,1,5,94,130,1
"727",2007,1,6,87,119,0
"728",2007,1,7,111,146,0
"729",2007,1,8,151,199,1
"730",2007,1,9,153,194,0
"731",2007,2,NA,36,51,1
"732",2007,2,1,127,156,0
"733",2007,2,2,65,97,0
"734",2007,2,3,125,170,3
"735",2007,2,4,96,127,1
"736",2007,2,5,114,157,0
"737",2007,2,6,101,160,1
"738",2007,2,7,123,162,1
"739",2007,2,8,150,204,0
"740",2007,2,9,121,179,1
"741",2007,3,NA,59,75,0
"742",2007,3,1,152,198,1
"743",2007,3,2,69,90,2
"744",2007,3,3,140,183,1
"745",2007,3,4,124,157,1
"746",2007,3,5,132,190,1
"747",2007,3,6,130,166,3
"748",2007,3,7,120,159,1
"749",2007,3,8,169,210,0
"750",2007,3,9,176,247,2
"751",2007,4,NA,52,61,0
"752",2007,4,1,112,154,1
"753",2007,4,2,79,104,1
"754",2007,4,3,142,190,2
"755",2007,4,4,115,163,1
"756",2007,4,5,124,178,1
"757",2007,4,6,116,160,0
"758",2007,4,7,132,183,0
"759",2007,4,8,139,194,0
"760",2007,4,9,180,256,0
"761",2007,5,NA,60,77,0
"762",2007,5,1,173,228,0
"763",2007,5,2,113,141,0
"764",2007,5,3,144,189,0
"765",2007,5,4,134,194,3
"766",2007,5,5,126,164,1
"767",2007,5,6,120,161,0
"768",2007,5,7,143,190,0
"769",2007,5,8,160,214,2
"770",2007,5,9,211,286,0
"771",2007,6,NA,55,76,1
"772",2007,6,1,148,190,2
"773",2007,6,2,84,113,2
"774",2007,6,3,176,242,0
"775",2007,6,4,128,167,0
"776",2007,6,5,128,164,0
"777",2007,6,6,118,164,1
"778",2007,6,7,160,227,1
"779",2007,6,8,158,200,1
"780",2007,6,9,160,235,0
"781",2007,7,NA,40,52,0
"782",2007,7,1,157,192,0
"783",2007,7,2,101,135,2
"784",2007,7,3,176,228,0
"785",2007,7,4,146,203,1
"786",2007,7,5,141,186,1
"787",2007,7,6,132,172,1
"788",2007,7,7,124,164,1
"789",2007,7,8,146,205,3
"790",2007,7,9,173,260,0
"791",2007,8,NA,26,35,0
"792",2007,8,1,67,85,0
"793",2007,8,2,44,68,0
"794",2007,8,3,72,94,0
"795",2007,8,4,63,89,2
"796",2007,8,5,77,107,0
"797",2007,8,6,60,85,2
"798",2007,8,7,55,65,0
"799",2007,8,8,84,119,1
"800",2007,8,9,90,137,2
"801",2007,9,NA,47,56,0
"802",2007,9,1,154,184,0
"803",2007,9,2,84,112,0
"804",2007,9,3,168,227,1
"805",2007,9,4,131,170,0
"806",2007,9,5,142,194,1
"807",2007,9,6,111,146,0
"808",2007,9,7,130,169,1
"809",2007,9,8,165,207,1
"810",2007,9,9,175,250,0
"811",2007,10,NA,45,58,0
"812",2007,10,1,180,231,0
"813",2007,10,2,92,117,0
"814",2007,10,3,157,208,0
"815",2007,10,4,145,183,0
"816",2007,10,5,126,149,1
"817",2007,10,6,121,143,2
"818",2007,10,7,144,181,4
"819",2007,10,8,176,229,1
"820",2007,10,9,184,251,1
"821",2007,11,NA,53,73,0
"822",2007,11,1,164,210,0
"823",2007,11,2,86,117,0
"824",2007,11,3,149,189,2
"825",2007,11,4,105,131,0
"826",2007,11,5,121,182,1
"827",2007,11,6,121,156,2
"828",2007,11,7,144,184,2
"829",2007,11,8,171,234,1
"830",2007,11,9,188,255,0
"831",2007,12,NA,48,65,0
"832",2007,12,1,146,183,0
"833",2007,12,2,68,84,0
"834",2007,12,3,130,167,0
"835",2007,12,4,110,147,0
"836",2007,12,5,107,142,1
"837",2007,12,6,85,109,0
"838",2007,12,7,109,162,0
"839",2007,12,8,133,193,0
"840",2007,12,9,145,196,0
"841",2008,1,NA,36,55,2
"842",2008,1,1,100,136,1
"843",2008,1,2,62,88,0
"844",2008,1,3,125,171,0
"845",2008,1,4,108,145,1
"846",2008,1,5,88,143,0
"847",2008,1,6,78,104,1
"848",2008,1,7,92,122,0
"849",2008,1,8,157,222,2
"850",2008,1,9,144,208,0
"851",2008,2,NA,43,61,1
"852",2008,2,1,135,211,1
"853",2008,2,2,81,106,0
"854",2008,2,3,142,190,0
"855",2008,2,4,110,149,0
"856",2008,2,5,104,145,0
"857",2008,2,6,80,104,2
"858",2008,2,7,101,136,1
"859",2008,2,8,132,175,0
"860",2008,2,9,151,211,1
"861",2008,3,NA,31,42,0
"862",2008,3,1,138,171,0
"863",2008,3,2,88,124,0
"864",2008,3,3,151,221,1
"865",2008,3,4,102,142,0
"866",2008,3,5,120,164,1
"867",2008,3,6,107,143,1
"868",2008,3,7,116,159,0
"869",2008,3,8,161,212,0
"870",2008,3,9,164,243,3
"871",2008,4,NA,48,67,0
"872",2008,4,1,130,161,1
"873",2008,4,2,101,132,0
"874",2008,4,3,146,182,0
"875",2008,4,4,114,168,0
"876",2008,4,5,124,172,1
"877",2008,4,6,109,147,0
"878",2008,4,7,133,180,0
"879",2008,4,8,163,219,1
"880",2008,4,9,143,202,1
"881",2008,5,NA,42,54,2
"882",2008,5,1,113,148,0
"883",2008,5,2,81,126,0
"884",2008,5,3,159,216,1
"885",2008,5,4,115,151,1
"886",2008,5,5,106,151,0
"887",2008,5,6,98,134,1
"888",2008,5,7,151,210,2
"889",2008,5,8,143,197,3
"890",2008,5,9,136,187,1
"891",2008,6,NA,47,62,0
"892",2008,6,1,124,162,0
"893",2008,6,2,87,115,0
"894",2008,6,3,159,205,1
"895",2008,6,4,134,191,0
"896",2008,6,5,108,152,1
"897",2008,6,6,102,135,2
"898",2008,6,7,142,189,1
"899",2008,6,8,147,190,0
"900",2008,6,9,155,222,1
"901",2008,7,NA,42,57,1
"902",2008,7,1,132,164,0
"903",2008,7,2,80,103,0
"904",2008,7,3,171,221,0
"905",2008,7,4,104,131,1
"906",2008,7,5,119,152,2
"907",2008,7,6,101,143,0
"908",2008,7,7,136,176,0
"909",2008,7,8,147,185,1
"910",2008,7,9,146,198,0
"911",2008,8,NA,23,29,0
"912",2008,8,1,42,56,2
"913",2008,8,2,34,41,0
"914",2008,8,3,63,95,0
"915",2008,8,4,57,71,0
"916",2008,8,5,65,92,2
"917",2008,8,6,47,60,0
"918",2008,8,7,69,101,0
"919",2008,8,8,79,105,0
"920",2008,8,9,96,128,0
"921",2008,9,NA,36,45,1
"922",2008,9,1,157,199,0
"923",2008,9,2,76,102,0
"924",2008,9,3,126,179,1
"925",2008,9,4,125,176,0
"926",2008,9,5,132,175,3
"927",2008,9,6,114,170,1
"928",2008,9,7,134,176,1
"929",2008,9,8,151,185,0
"930",2008,9,9,147,197,1
"931",2008,10,NA,58,82,0
"932",2008,10,1,157,212,0
"933",2008,10,2,84,103,0
"934",2008,10,3,182,221,2
"935",2008,10,4,137,176,1
"936",2008,10,5,144,229,1
"937",2008,10,6,129,159,2
"938",2008,10,7,123,179,0
"939",2008,10,8,187,234,0
"940",2008,10,9,177,220,1
"941",2008,11,NA,55,71,0
"942",2008,11,1,165,199,0
"943",2008,11,2,86,110,0
"944",2008,11,3,162,222,0
"945",2008,11,4,115,152,0
"946",2008,11,5,116,138,1
"947",2008,11,6,93,121,0
"948",2008,11,7,117,154,0
"949",2008,11,8,161,213,1
"950",2008,11,9,161,214,0
"951",2008,12,NA,37,51,1
"952",2008,12,1,109,133,0
"953",2008,12,2,56,73,0
"954",2008,12,3,129,178,1
"955",2008,12,4,101,128,1
"956",2008,12,5,83,117,0
"957",2008,12,6,74,103,0
"958",2008,12,7,111,148,2
"959",2008,12,8,119,161,0
"960",2008,12,9,143,189,1
"961",2009,1,NA,33,45,0
"962",2009,1,1,114,141,0
"963",2009,1,2,56,78,0
"964",2009,1,3,103,135,0
"965",2009,1,4,69,87,0
"966",2009,1,5,83,122,0
"967",2009,1,6,75,105,0
"968",2009,1,7,98,133,0
"969",2009,1,8,88,126,0
"970",2009,1,9,134,176,1
"971",2009,2,NA,31,42,0
"972",2009,2,1,103,127,1
"973",2009,2,2,52,75,0
"974",2009,2,3,104,141,0
"975",2009,2,4,75,90,2
"976",2009,2,5,69,106,0
"977",2009,2,6,83,108,0
"978",2009,2,7,92,120,1
"979",2009,2,8,105,143,1
"980",2009,2,9,112,144,1
"981",2009,3,NA,55,69,1
"982",2009,3,1,159,191,0
"983",2009,3,2,68,91,0
"984",2009,3,3,130,178,0
"985",2009,3,4,110,142,0
"986",2009,3,5,115,168,0
"987",2009,3,6,94,118,0
"988",2009,3,7,129,171,0
"989",2009,3,8,136,162,0
"990",2009,3,9,133,185,1
"991",2009,4,NA,52,75,1
"992",2009,4,1,121,154,1
"993",2009,4,2,66,99,0
"994",2009,4,3,122,169,0
"995",2009,4,4,103,133,0
"996",2009,4,5,109,156,2
"997",2009,4,6,95,126,0
"998",2009,4,7,96,120,0
"999",2009,4,8,134,172,1
"1000",2009,4,9,146,211,1
"1001",2009,5,NA,32,41,0
"1002",2009,5,1,144,179,0
"1003",2009,5,2,88,115,0
"1004",2009,5,3,157,190,0
"1005",2009,5,4,116,145,0
"1006",2009,5,5,110,153,0
"1007",2009,5,6,118,156,0
"1008",2009,5,7,150,197,1
"1009",2009,5,8,160,198,1
"1010",2009,5,9,145,191,0
"1011",2009,6,NA,34,46,0
"1012",2009,6,1,134,175,0
"1013",2009,6,2,89,120,0
"1014",2009,6,3,137,189,0
"1015",2009,6,4,143,199,1
"1016",2009,6,5,123,175,2
"1017",2009,6,6,113,149,2
"1018",2009,6,7,124,172,0
"1019",2009,6,8,178,238,0
"1020",2009,6,9,164,223,2
"1021",2009,7,NA,52,68,0
"1022",2009,7,1,147,175,0
"1023",2009,7,2,80,108,0
"1024",2009,7,3,130,177,1
"1025",2009,7,4,122,161,1
"1026",2009,7,5,119,157,1
"1027",2009,7,6,109,144,0
"1028",2009,7,7,126,161,0
"1029",2009,7,8,140,179,0
"1030",2009,7,9,142,196,0
"1031",2009,8,NA,27,32,0
"1032",2009,8,1,56,79,0
"1033",2009,8,2,31,42,0
"1034",2009,8,3,73,100,0
"1035",2009,8,4,65,101,1
"1036",2009,8,5,65,97,0
"1037",2009,8,6,53,75,1
"1038",2009,8,7,65,98,1
"1039",2009,8,8,77,101,1
"1040",2009,8,9,74,113,2
"1041",2009,9,NA,45,66,0
"1042",2009,9,1,144,182,0
"1043",2009,9,2,78,120,1
"1044",2009,9,3,131,176,0
"1045",2009,9,4,112,148,2
"1046",2009,9,5,107,151,0
"1047",2009,9,6,99,136,1
"1048",2009,9,7,126,148,1
"1049",2009,9,8,121,153,2
"1050",2009,9,9,166,228,0
"1051",2009,10,NA,53,75,1
"1052",2009,10,1,187,241,0
"1053",2009,10,2,96,143,1
"1054",2009,10,3,145,201,0
"1055",2009,10,4,136,184,1
"1056",2009,10,5,124,168,0
"1057",2009,10,6,114,151,0
"1058",2009,10,7,102,130,0
"1059",2009,10,8,159,211,0
"1060",2009,10,9,157,198,1
"1061",2009,11,NA,44,63,0
"1062",2009,11,1,149,196,0
"1063",2009,11,2,74,106,0
"1064",2009,11,3,158,212,0
"1065",2009,11,4,124,169,1
"1066",2009,11,5,125,172,1
"1067",2009,11,6,82,106,1
"1068",2009,11,7,115,146,1
"1069",2009,11,8,141,196,0
"1070",2009,11,9,138,182,1
"1071",2009,12,NA,36,50,0
"1072",2009,12,1,94,122,0
"1073",2009,12,2,66,88,0
"1074",2009,12,3,117,149,1
"1075",2009,12,4,91,127,0
"1076",2009,12,5,83,108,0
"1077",2009,12,6,85,108,0
"1078",2009,12,7,85,110,0
"1079",2009,12,8,121,175,1
"1080",2009,12,9,136,193,0
"1081",2010,1,NA,39,46,4
"1082",2010,1,1,108,141,0
"1083",2010,1,2,45,76,0
"1084",2010,1,3,104,140,1
"1085",2010,1,4,76,108,0
"1086",2010,1,5,58,83,0
"1087",2010,1,6,83,106,1
"1088",2010,1,7,82,103,1
"1089",2010,1,8,118,172,0
"1090",2010,1,9,116,163,0
"1091",2010,2,NA,30,40,0
"1092",2010,2,1,116,161,1
"1093",2010,2,2,58,69,0
"1094",2010,2,3,117,171,0
"1095",2010,2,4,65,86,1
"1096",2010,2,5,83,121,0
"1097",2010,2,6,73,97,0
"1098",2010,2,7,78,105,0
"1099",2010,2,8,98,129,2
"1100",2010,2,9,120,167,0
"1101",2010,3,NA,57,80,0
"1102",2010,3,1,127,158,0
"1103",2010,3,2,53,74,0
"1104",2010,3,3,140,198,1
"1105",2010,3,4,108,147,1
"1106",2010,3,5,113,143,0
"1107",2010,3,6,85,116,0
"1108",2010,3,7,104,131,1
"1109",2010,3,8,146,189,0
"1110",2010,3,9,174,235,1
"1111",2010,4,NA,48,70,0
"1112",2010,4,1,133,169,1
"1113",2010,4,2,70,86,0
"1114",2010,4,3,125,173,0
"1115",2010,4,4,119,161,2
"1116",2010,4,5,122,174,0
"1117",2010,4,6,109,148,0
"1118",2010,4,7,105,152,1
"1119",2010,4,8,138,183,0
"1120",2010,4,9,144,193,0
"1121",2010,5,NA,53,68,0
"1122",2010,5,1,147,179,1
"1123",2010,5,2,76,103,0
"1124",2010,5,3,138,195,0
"1125",2010,5,4,135,200,1
"1126",2010,5,5,123,158,1
"1127",2010,5,6,107,142,0
"1128",2010,5,7,106,143,1
"1129",2010,5,8,143,196,0
"1130",2010,5,9,126,168,0
"1131",2010,6,NA,53,76,0
"1132",2010,6,1,130,170,0
"1133",2010,6,2,75,98,1
"1134",2010,6,3,149,205,0
"1135",2010,6,4,122,155,1
"1136",2010,6,5,117,162,1
"1137",2010,6,6,87,115,0
"1138",2010,6,7,126,175,1
"1139",2010,6,8,140,169,0
"1140",2010,6,9,134,189,0
"1141",2010,7,NA,33,38,0
"1142",2010,7,1,121,167,0
"1143",2010,7,2,85,116,1
"1144",2010,7,3,135,185,1
"1145",2010,7,4,131,183,3
"1146",2010,7,5,107,143,1
"1147",2010,7,6,99,138,1
"1148",2010,7,7,99,125,0
"1149",2010,7,8,110,151,1
"1150",2010,7,9,153,204,1
"1151",2010,8,NA,27,40,0
"1152",2010,8,1,35,46,0
"1153",2010,8,2,37,53,0
"1154",2010,8,3,72,113,0
"1155",2010,8,4,49,70,0
"1156",2010,8,5,57,89,2
"1157",2010,8,6,47,65,0
"1158",2010,8,7,53,80,1
"1159",2010,8,8,79,99,0
"1160",2010,8,9,74,108,0
"1161",2010,9,NA,51,69,0
"1162",2010,9,1,121,154,0
"1163",2010,9,2,73,100,0
"1164",2010,9,3,114,145,0
"1165",2010,9,4,100,138,0
"1166",2010,9,5,106,135,0
"1167",2010,9,6,65,84,2
"1168",2010,9,7,106,134,0
"1169",2010,9,8,136,181,1
"1170",2010,9,9,150,207,2
"1171",2010,10,NA,46,64,0
"1172",2010,10,1,142,182,1
"1173",2010,10,2,76,96,0
"1174",2010,10,3,131,188,0
"1175",2010,10,4,130,192,0
"1176",2010,10,5,118,162,0
"1177",2010,10,6,76,99,0
"1178",2010,10,7,115,152,1
"1179",2010,10,8,131,164,0
"1180",2010,10,9,181,252,0
"1181",2010,11,NA,52,76,1
"1182",2010,11,1,166,201,0
"1183",2010,11,2,71,95,0
"1184",2010,11,3,124,157,0
"1185",2010,11,4,92,126,0
"1186",2010,11,5,112,162,0
"1187",2010,11,6,90,123,0
"1188",2010,11,7,107,141,0
"1189",2010,11,8,135,170,1
"1190",2010,11,9,126,178,1
"1191",2010,12,NA,46,69,0
"1192",2010,12,1,103,133,0
"1193",2010,12,2,48,61,0
"1194",2010,12,3,119,158,0
"1195",2010,12,4,90,132,0
"1196",2010,12,5,80,117,0
"1197",2010,12,6,81,102,0
"1198",2010,12,7,89,120,0
"1199",2010,12,8,119,148,2
"1200",2010,12,9,117,156,2
"1201",2011,1,NA,34,45,0
"1202",2011,1,1,82,110,1
"1203",2011,1,2,44,72,0
"1204",2011,1,3,75,119,0
"1205",2011,1,4,71,107,0
"1206",2011,1,5,75,110,1
"1207",2011,1,6,68,99,1
"1208",2011,1,7,67,83,0
"1209",2011,1,8,76,106,1
"1210",2011,1,9,109,147,0
"1211",2011,2,NA,46,70,1
"1212",2011,2,1,85,104,0
"1213",2011,2,2,57,83,0
"1214",2011,2,3,114,154,0
"1215",2011,2,4,67,87,1
"1216",2011,2,5,93,132,1
"1217",2011,2,6,83,105,0
"1218",2011,2,7,76,100,0
"1219",2011,2,8,102,136,0
"1220",2011,2,9,110,147,0
"1221",2011,3,NA,95,129,0
"1222",2011,3,1,105,131,0
"1223",2011,3,2,69,90,0
"1224",2011,3,3,112,145,0
"1225",2011,3,4,100,125,2
"1226",2011,3,5,80,115,0
"1227",2011,3,6,83,123,1
"1228",2011,3,7,105,150,2
"1229",2011,3,8,118,153,0
"1230",2011,3,9,128,190,0
"1231",2011,4,NA,180,236,0
"1232",2011,4,1,103,131,0
"1233",2011,4,2,72,93,0
"1234",2011,4,3,115,151,0
"1235",2011,4,4,88,112,0
"1236",2011,4,5,79,111,0
"1237",2011,4,6,100,136,0
"1238",2011,4,7,107,145,1
"1239",2011,4,8,96,119,0
"1240",2011,4,9,102,136,0
"1241",2011,5,NA,347,459,1
"1242",2011,5,1,105,133,0
"1243",2011,5,2,60,78,0
"1244",2011,5,3,110,138,0
"1245",2011,5,4,77,103,0
"1246",2011,5,5,62,92,0
"1247",2011,5,6,59,86,1
"1248",2011,5,7,99,136,0
"1249",2011,5,8,131,167,0
"1250",2011,5,9,127,159,1
"1251",2011,6,NA,356,475,2
"1252",2011,6,1,84,103,0
"1253",2011,6,2,51,60,0
"1254",2011,6,3,96,123,0
"1255",2011,6,4,68,90,0
"1256",2011,6,5,78,112,0
"1257",2011,6,6,76,100,1
"1258",2011,6,7,55,80,0
"1259",2011,6,8,53,71,0
"1260",2011,6,9,75,111,0
"1261",2011,7,NA,32,40,0
"1262",2011,7,1,97,117,0
"1263",2011,7,2,74,93,1
"1264",2011,7,3,129,172,0
"1265",2011,7,4,101,142,0
"1266",2011,7,5,81,115,0
"1267",2011,7,6,78,106,0
"1268",2011,7,7,99,143,0
"1269",2011,7,8,109,155,0
"1270",2011,7,9,133,175,0
"1271",2011,8,NA,27,31,0
"1272",2011,8,1,49,67,0
"1273",2011,8,2,33,39,0
"1274",2011,8,3,62,89,0
"1275",2011,8,4,49,64,0
"1276",2011,8,5,42,60,0
"1277",2011,8,6,44,54,1
"1278",2011,8,7,56,75,2
"1279",2011,8,8,61,87,1
"1280",2011,8,9,79,108,0
"1281",2011,9,NA,52,67,0
"1282",2011,9,1,148,182,0
"1283",2011,9,2,76,112,0
"1284",2011,9,3,134,166,0
"1285",2011,9,4,105,134,3
"1286",2011,9,5,127,169,2
"1287",2011,9,6,104,145,1
"1288",2011,9,7,135,185,0
"1289",2011,9,8,118,157,2
"1290",2011,9,9,146,203,0
"1291",2011,10,NA,45,61,1
"1292",2011,10,1,136,162,0
"1293",2011,10,2,81,106,0
"1294",2011,10,3,161,216,2
"1295",2011,10,4,103,143,0
"1296",2011,10,5,119,162,0
"1297",2011,10,6,105,141,1
"1298",2011,10,7,139,192,2
"1299",2011,10,8,130,156,1
"1300",2011,10,9,171,232,3
"1301",2011,11,NA,43,68,0
"1302",2011,11,1,149,188,0
"1303",2011,11,2,61,88,0
"1304",2011,11,3,123,156,2
"1305",2011,11,4,85,105,0
"1306",2011,11,5,97,156,0
"1307",2011,11,6,86,120,1
"1308",2011,11,7,106,142,1
"1309",2011,11,8,110,154,0
"1310",2011,11,9,106,155,0
"1311",2011,12,NA,31,35,0
"1312",2011,12,1,109,127,0
"1313",2011,12,2,63,85,0
"1314",2011,12,3,110,148,0
"1315",2011,12,4,88,123,1
"1316",2011,12,5,68,94,0
"1317",2011,12,6,75,120,0
"1318",2011,12,7,102,126,0
"1319",2011,12,8,112,158,0
"1320",2011,12,9,141,194,1
"1321",2012,1,NA,44,70,0
"1322",2012,1,1,133,162,0
"1323",2012,1,2,66,80,1
"1324",2012,1,3,102,126,0
"1325",2012,1,4,78,127,0
"1326",2012,1,5,70,89,0
"1327",2012,1,6,62,78,1
"1328",2012,1,7,105,146,1
"1329",2012,1,8,99,149,0
"1330",2012,1,9,125,168,2
"1331",2012,2,NA,36,47,0
"1332",2012,2,1,70,88,0
"1333",2012,2,2,50,69,0
"1334",2012,2,3,83,114,0
"1335",2012,2,4,82,106,0
"1336",2012,2,5,70,92,0
"1337",2012,2,6,58,74,1
"1338",2012,2,7,80,119,0
"1339",2012,2,8,81,109,0
"1340",2012,2,9,96,132,0
"1341",2012,3,NA,36,41,0
"1342",2012,3,1,127,153,0
"1343",2012,3,2,78,95,1
"1344",2012,3,3,112,138,0
"1345",2012,3,4,97,117,0
"1346",2012,3,5,83,127,0
"1347",2012,3,6,95,125,1
"1348",2012,3,7,97,130,0
"1349",2012,3,8,102,137,0
"1350",2012,3,9,126,175,1
"1351",2012,4,NA,40,63,0
"1352",2012,4,1,75,91,1
"1353",2012,4,2,73,89,1
"1354",2012,4,3,105,160,0
"1355",2012,4,4,82,116,0
"1356",2012,4,5,81,125,1
"1357",2012,4,6,74,92,1
"1358",2012,4,7,76,100,1
"1359",2012,4,8,99,133,0
"1360",2012,4,9,104,148,1
"1361",2012,5,NA,38,53,0
"1362",2012,5,1,130,164,0
"1363",2012,5,2,88,105,1
"1364",2012,5,3,129,171,0
"1365",2012,5,4,89,113,0
"1366",2012,5,5,108,140,0
"1367",2012,5,6,109,139,2
"1368",2012,5,7,104,140,2
"1369",2012,5,8,124,181,0
"1370",2012,5,9,128,178,0
"1371",2012,6,NA,39,50,0
"1372",2012,6,1,107,139,0
"1373",2012,6,2,71,85,0
"1374",2012,6,3,124,159,0
"1375",2012,6,4,101,131,0
"1376",2012,6,5,112,158,3
"1377",2012,6,6,88,114,2
"1378",2012,6,7,89,118,1
"1379",2012,6,8,112,141,1
"1380",2012,6,9,132,187,0
"1381",2012,7,NA,37,48,0
"1382",2012,7,1,107,120,0
"1383",2012,7,2,70,96,0
"1384",2012,7,3,128,163,0
"1385",2012,7,4,86,99,2
"1386",2012,7,5,93,120,0
"1387",2012,7,6,71,90,0
"1388",2012,7,7,105,136,2
"1389",2012,7,8,105,139,1
"1390",2012,7,9,100,130,1
"1391",2012,8,NA,33,60,0
"1392",2012,8,1,41,50,0
"1393",2012,8,2,39,57,0
"1394",2012,8,3,68,90,1
"1395",2012,8,4,47,71,0
"1396",2012,8,5,50,70,0
"1397",2012,8,6,49,65,0
"1398",2012,8,7,44,54,0
"1399",2012,8,8,82,111,1
"1400",2012,8,9,65,91,0
"1401",2012,9,NA,34,53,0
"1402",2012,9,1,95,116,0
"1403",2012,9,2,57,67,0
"1404",2012,9,3,107,138,2
"1405",2012,9,4,94,111,0
"1406",2012,9,5,91,140,0
"1407",2012,9,6,71,93,1
"1408",2012,9,7,84,114,1
"1409",2012,9,8,106,127,0
"1410",2012,9,9,115,152,0
"1411",2012,10,NA,46,65,0
"1412",2012,10,1,133,173,1
"1413",2012,10,2,84,99,2
"1414",2012,10,3,123,177,1
"1415",2012,10,4,93,121,0
"1416",2012,10,5,116,147,2
"1417",2012,10,6,105,142,0
"1418",2012,10,7,117,148,0
"1419",2012,10,8,144,174,0
"1420",2012,10,9,131,173,0
"1421",2012,11,NA,43,57,0
"1422",2012,11,1,120,157,0
"1423",2012,11,2,51,61,0
"1424",2012,11,3,126,178,0
"1425",2012,11,4,106,151,1
"1426",2012,11,5,105,149,0
"1427",2012,11,6,79,101,1
"1428",2012,11,7,99,133,0
"1429",2012,11,8,140,182,2
"1430",2012,11,9,130,180,0
"1431",2012,12,NA,26,32,0
"1432",2012,12,1,126,161,0
"1433",2012,12,2,51,61,0
"1434",2012,12,3,104,142,0
"1435",2012,12,4,57,67,1
"1436",2012,12,5,76,107,1
"1437",2012,12,6,65,86,0
"1438",2012,12,7,77,101,0
"1439",2012,12,8,100,120,1
"1440",2012,12,9,104,151,1
"1441",2013,1,NA,42,55,2
"1442",2013,1,1,72,100,0
"1443",2013,1,2,35,47,0
"1444",2013,1,3,95,117,0
"1445",2013,1,4,74,91,1
"1446",2013,1,5,68,91,0
"1447",2013,1,6,73,96,1
"1448",2013,1,7,66,86,0
"1449",2013,1,8,96,130,0
"1450",2013,1,9,86,130,0
"1451",2013,2,NA,48,61,0
"1452",2013,2,1,62,87,0
"1453",2013,2,2,45,62,0
"1454",2013,2,3,79,98,1
"1455",2013,2,4,77,95,0
"1456",2013,2,5,53,70,0
"1457",2013,2,6,75,105,0
"1458",2013,2,7,61,74,0
"1459",2013,2,8,73,93,0
"1460",2013,2,9,103,135,1
"1461",2013,3,NA,41,54,0
"1462",2013,3,1,88,111,0
"1463",2013,3,2,44,65,0
"1464",2013,3,3,99,151,0
"1465",2013,3,4,79,111,1
"1466",2013,3,5,90,127,0
"1467",2013,3,6,58,77,1
"1468",2013,3,7,71,83,0
"1469",2013,3,8,92,112,0
"1470",2013,3,9,93,120,0
"1471",2013,4,NA,37,42,0
"1472",2013,4,1,90,118,0
"1473",2013,4,2,44,56,0
"1474",2013,4,3,87,121,0
"1475",2013,4,4,64,87,1
"1476",2013,4,5,91,121,0
"1477",2013,4,6,76,100,0
"1478",2013,4,7,80,108,1
"1479",2013,4,8,113,150,0
"1480",2013,4,9,95,125,0
"1481",2013,5,NA,33,36,0
"1482",2013,5,1,115,143,1
"1483",2013,5,2,52,63,0
"1484",2013,5,3,111,149,0
"1485",2013,5,4,90,122,0
"1486",2013,5,5,74,101,0
"1487",2013,5,6,90,119,0
"1488",2013,5,7,100,132,0
"1489",2013,5,8,112,156,0
"1490",2013,5,9,109,147,0
"1491",2013,6,NA,45,57,0
"1492",2013,6,1,112,128,0
"1493",2013,6,2,64,85,0
"1494",2013,6,3,104,134,0
"1495",2013,6,4,98,135,0
"1496",2013,6,5,109,144,0
"1497",2013,6,6,94,129,0
"1498",2013,6,7,115,139,1
"1499",2013,6,8,96,138,1
"1500",2013,6,9,130,178,0
"1501",2013,7,NA,43,47,0
"1502",2013,7,1,114,143,0
"1503",2013,7,2,56,73,2
"1504",2013,7,3,92,107,0
"1505",2013,7,4,86,103,0
"1506",2013,7,5,91,120,0
"1507",2013,7,6,75,94,0
"1508",2013,7,7,81,114,0
"1509",2013,7,8,135,176,0
"1510",2013,7,9,107,143,0
"1511",2013,8,NA,34,49,0
"1512",2013,8,1,30,40,1
"1513",2013,8,2,30,38,0
"1514",2013,8,3,50,67,0
"1515",2013,8,4,48,65,0
"1516",2013,8,5,45,52,0
"1517",2013,8,6,38,49,0
"1518",2013,8,7,70,99,0
"1519",2013,8,8,63,87,0
"1520",2013,8,9,75,100,0
"1521",2013,9,NA,50,62,0
"1522",2013,9,1,112,142,0
"1523",2013,9,2,40,50,0
"1524",2013,9,3,109,144,0
"1525",2013,9,4,85,118,1
"1526",2013,9,5,82,110,0
"1527",2013,9,6,98,134,0
"1528",2013,9,7,78,98,0
"1529",2013,9,8,114,148,0
"1530",2013,9,9,102,136,1
"1531",2013,10,NA,51,68,0
"1532",2013,10,1,132,164,0
"1533",2013,10,2,68,87,0
"1534",2013,10,3,118,148,0
"1535",2013,10,4,99,135,0
"1536",2013,10,5,94,134,0
"1537",2013,10,6,92,121,3
"1538",2013,10,7,115,157,0
"1539",2013,10,8,100,149,1
"1540",2013,10,9,125,158,0
"1541",2013,11,NA,53,71,1
"1542",2013,11,1,117,148,0
"1543",2013,11,2,56,74,0
"1544",2013,11,3,104,127,1
"1545",2013,11,4,64,79,0
"1546",2013,11,5,82,99,0
"1547",2013,11,6,83,114,0
"1548",2013,11,7,92,128,0
"1549",2013,11,8,100,122,0
"1550",2013,11,9,107,130,2
"1551",2013,12,NA,54,74,0
"1552",2013,12,1,93,109,1
"1553",2013,12,2,50,70,0
"1554",2013,12,3,98,122,1
"1555",2013,12,4,68,92,0
"1556",2013,12,5,62,77,0
"1557",2013,12,6,70,99,0
"1558",2013,12,7,71,89,0
"1559",2013,12,8,111,147,1
"1560",2013,12,9,105,154,0
"1561",2014,1,NA,54,76,0
"1562",2014,1,1,84,108,0
"1563",2014,1,2,44,58,0
"1564",2014,1,3,66,85,0
"1565",2014,1,4,62,88,0
"1566",2014,1,5,53,75,0
"1567",2014,1,6,58,80,0
"1568",2014,1,7,75,97,0
"1569",2014,1,8,63,74,1
"1570",2014,1,9,77,95,1
"1571",2014,2,NA,27,33,0
"1572",2014,2,1,92,110,0
"1573",2014,2,2,37,50,0
"1574",2014,2,3,86,103,0
"1575",2014,2,4,64,81,0
"1576",2014,2,5,74,108,1
"1577",2014,2,6,65,80,1
"1578",2014,2,7,70,97,0
"1579",2014,2,8,75,115,0
"1580",2014,2,9,94,122,0
"1581",2014,3,NA,37,43,0
"1582",2014,3,1,89,108,0
"1583",2014,3,2,48,67,0
"1584",2014,3,3,87,114,0
"1585",2014,3,4,53,70,1
"1586",2014,3,5,82,104,0
"1587",2014,3,6,68,95,0
"1588",2014,3,7,89,115,0
"1589",2014,3,8,102,119,0
"1590",2014,3,9,104,144,1
"1591",2014,4,NA,57,74,0
"1592",2014,4,1,93,113,0
"1593",2014,4,2,54,67,0
"1594",2014,4,3,91,110,0
"1595",2014,4,4,86,117,1
"1596",2014,4,5,78,99,0
"1597",2014,4,6,71,97,0
"1598",2014,4,7,92,112,1
"1599",2014,4,8,113,143,0
"1600",2014,4,9,102,148,2
"1601",2014,5,NA,37,45,0
"1602",2014,5,1,120,143,1
"1603",2014,5,2,53,58,0
"1604",2014,5,3,96,123,1
"1605",2014,5,4,80,108,0
"1606",2014,5,5,88,108,0
"1607",2014,5,6,77,103,0
"1608",2014,5,7,97,121,2
"1609",2014,5,8,133,157,1
"1610",2014,5,9,105,129,1
"1611",2014,6,NA,41,52,1
"1612",2014,6,1,103,126,0
"1613",2014,6,2,69,91,0
"1614",2014,6,3,98,132,0
"1615",2014,6,4,81,96,4
"1616",2014,6,5,78,116,0
"1617",2014,6,6,69,93,1
"1618",2014,6,7,96,121,0
"1619",2014,6,8,94,121,0
"1620",2014,6,9,95,131,0
"1621",2014,7,NA,46,68,0
"1622",2014,7,1,103,125,0
"1623",2014,7,2,50,63,0
"1624",2014,7,3,92,117,1
"1625",2014,7,4,78,111,1
"1626",2014,7,5,68,94,0
"1627",2014,7,6,70,95,1
"1628",2014,7,7,84,122,1
"1629",2014,7,8,102,127,1
"1630",2014,7,9,76,94,1
"1631",2014,8,NA,23,31,1
"1632",2014,8,1,29,40,0
"1633",2014,8,2,23,29,0
"1634",2014,8,3,44,60,0
"1635",2014,8,4,42,59,0
"1636",2014,8,5,41,63,0
"1637",2014,8,6,31,38,0
"1638",2014,8,7,36,47,0
"1639",2014,8,8,54,79,0
"1640",2014,8,9,53,64,0
"1641",2014,9,NA,55,73,1
"1642",2014,9,1,70,97,0
"1643",2014,9,2,39,48,0
"1644",2014,9,3,104,129,0
"1645",2014,9,4,80,99,0
"1646",2014,9,5,79,103,0
"1647",2014,9,6,79,110,0
"1648",2014,9,7,82,99,1
"1649",2014,9,8,96,123,1
"1650",2014,9,9,101,140,0
"1651",2014,10,NA,76,93,0
"1652",2014,10,1,110,142,2
"1653",2014,10,2,59,74,0
"1654",2014,10,3,92,117,0
"1655",2014,10,4,87,124,0
"1656",2014,10,5,74,89,1
"1657",2014,10,6,83,113,0
"1658",2014,10,7,93,127,0
"1659",2014,10,8,105,136,0
"1660",2014,10,9,96,128,0
"1661",2014,11,NA,106,149,0
"1662",2014,11,1,75,89,0
"1663",2014,11,2,51,63,0
"1664",2014,11,3,76,97,0
"1665",2014,11,4,65,79,0
"1666",2014,11,5,71,95,1
"1667",2014,11,6,58,68,0
"1668",2014,11,7,62,88,1
"1669",2014,11,8,84,104,0
"1670",2014,11,9,82,113,0
"1671",2014,12,NA,114,155,0
"1672",2014,12,1,71,102,1
"1673",2014,12,2,40,49,0
"1674",2014,12,3,76,102,0
"1675",2014,12,4,55,65,1
"1676",2014,12,5,53,79,0
"1677",2014,12,6,49,57,0
"1678",2014,12,7,68,76,0
"1679",2014,12,8,69,86,0
"1680",2014,12,9,84,117,0
"1681",2015,1,NA,161,213,1
"1682",2015,1,1,49,57,0
"1683",2015,1,2,26,40,0
"1684",2015,1,3,67,77,0
"1685",2015,1,4,50,71,0
"1686",2015,1,5,39,59,0
"1687",2015,1,6,52,62,0
"1688",2015,1,7,53,67,1
"1689",2015,1,8,77,92,0
"1690",2015,1,9,78,107,0
"1691",2015,2,NA,415,536,2
"1692",2015,2,1,23,29,0
"1693",2015,2,2,26,32,0
"1694",2015,2,3,33,39,0
"1695",2015,2,4,21,33,0
"1696",2015,2,5,21,25,0
"1697",2015,2,6,17,25,2
"1698",2015,2,7,24,30,1
"1699",2015,2,8,21,24,0
"1700",2015,2,9,30,38,1
"1701",2015,3,NA,36,58,0
"1702",2015,3,1,93,120,1
"1703",2015,3,2,55,69,1
"1704",2015,3,3,106,134,1
"1705",2015,3,4,54,75,1
"1706",2015,3,5,62,88,0
"1707",2015,3,6,75,106,0
"1708",2015,3,7,72,104,0
"1709",2015,3,8,83,106,1
"1710",2015,3,9,88,107,0
"1711",2015,4,NA,32,47,0
"1712",2015,4,1,89,106,0
"1713",2015,4,2,50,69,0
"1714",2015,4,3,108,139,1
"1715",2015,4,4,80,120,0
"1716",2015,4,5,72,87,0
"1717",2015,4,6,59,85,0
"1718",2015,4,7,86,104,1
"1719",2015,4,8,82,117,0
"1720",2015,4,9,105,127,0
"1721",2015,5,NA,48,54,1
"1722",2015,5,1,106,144,0
"1723",2015,5,2,43,58,1
"1724",2015,5,3,82,106,0
"1725",2015,5,4,86,114,0
"1726",2015,5,5,74,105,0
"1727",2015,5,6,80,96,0
"1728",2015,5,7,85,121,2
"1729",2015,5,8,117,154,1
"1730",2015,5,9,105,146,0
"1731",2015,6,NA,37,51,0
"1732",2015,6,1,87,111,0
"1733",2015,6,2,50,62,0
"1734",2015,6,3,106,132,2
"1735",2015,6,4,73,93,1
"1736",2015,6,5,67,88,1
"1737",2015,6,6,77,108,0
"1738",2015,6,7,86,110,1
"1739",2015,6,8,114,161,1
"1740",2015,6,9,95,124,1
"1741",2015,7,NA,47,66,0
"1742",2015,7,1,91,113,0
"1743",2015,7,2,64,89,0
"1744",2015,7,3,97,131,0
"1745",2015,7,4,81,103,0
"1746",2015,7,5,92,110,1
"1747",2015,7,6,81,93,0
"1748",2015,7,7,68,89,0
"1749",2015,7,8,84,108,0
"1750",2015,7,9,103,137,1
"1751",2015,8,NA,19,22,1
"1752",2015,8,1,34,39,0
"1753",2015,8,2,29,40,0
"1754",2015,8,3,42,52,0
"1755",2015,8,4,34,44,0
"1756",2015,8,5,53,85,0
"1757",2015,8,6,31,37,0
"1758",2015,8,7,44,65,0
"1759",2015,8,8,48,57,1
"1760",2015,8,9,51,65,1
"1761",2015,9,NA,49,59,0
"1762",2015,9,1,89,115,1
"1763",2015,9,2,37,49,0
"1764",2015,9,3,81,102,0
"1765",2015,9,4,83,111,1
"1766",2015,9,5,70,95,0
"1767",2015,9,6,78,107,0
"1768",2015,9,7,89,113,1
"1769",2015,9,8,94,124,0
"1770",2015,9,9,94,117,0
"1771",2015,10,NA,40,49,0
"1772",2015,10,1,99,134,1
"1773",2015,10,2,60,75,0
"1774",2015,10,3,130,165,1
"1775",2015,10,4,77,102,0
"1776",2015,10,5,81,101,1
"1777",2015,10,6,74,112,0
"1778",2015,10,7,89,114,0
"1779",2015,10,8,121,165,1
"1780",2015,10,9,110,152,2
"1781",2015,11,NA,26,31,0
"1782",2015,11,1,117,142,0
"1783",2015,11,2,54,65,1
"1784",2015,11,3,82,97,0
"1785",2015,11,4,76,103,0
"1786",2015,11,5,62,87,0
"1787",2015,11,6,80,104,1
"1788",2015,11,7,83,108,1
"1789",2015,11,8,104,136,0
"1790",2015,11,9,92,115,0
"1791",2015,12,NA,28,36,1
"1792",2015,12,1,92,106,0
"1793",2015,12,2,28,40,0
"1794",2015,12,3,66,82,1
"1795",2015,12,4,71,92,0
"1796",2015,12,5,61,82,0
"1797",2015,12,6,60,83,1
"1798",2015,12,7,66,84,0
"1799",2015,12,8,71,106,0
"1800",2015,12,9,82,104,2
"1801",2016,1,NA,33,40,0
"1802",2016,1,1,78,85,1
"1803",2016,1,2,37,51,0
"1804",2016,1,3,67,83,0
"1805",2016,1,4,63,87,0
"1806",2016,1,5,64,84,1
"1807",2016,1,6,43,55,0
"1808",2016,1,7,90,118,2
"1809",2016,1,8,77,111,2
"1810",2016,1,9,85,130,1
"1811",2016,2,NA,48,73,0
"1812",2016,2,1,102,140,0
"1813",2016,2,2,52,60,0
"1814",2016,2,3,77,101,0
"1815",2016,2,4,70,95,0
"1816",2016,2,5,65,90,0
"1817",2016,2,6,46,56,0
"1818",2016,2,7,66,95,0
"1819",2016,2,8,75,111,0
"1820",2016,2,9,105,149,1
"1821",2016,3,NA,35,45,0
"1822",2016,3,1,83,113,0
"1823",2016,3,2,53,73,0
"1824",2016,3,3,73,100,0
"1825",2016,3,4,71,94,1
"1826",2016,3,5,64,87,0
"1827",2016,3,6,71,98,1
"1828",2016,3,7,82,112,0
"1829",2016,3,8,93,131,0
"1830",2016,3,9,103,158,0
"1831",2016,4,NA,39,53,0
"1832",2016,4,1,84,104,0
"1833",2016,4,2,45,62,0
"1834",2016,4,3,111,139,2
"1835",2016,4,4,87,119,0
"1836",2016,4,5,69,97,0
"1837",2016,4,6,73,96,0
"1838",2016,4,7,106,134,0
"1839",2016,4,8,114,139,0
"1840",2016,4,9,93,130,0
"1841",2016,5,NA,36,43,0
"1842",2016,5,1,93,128,0
"1843",2016,5,2,60,80,0
"1844",2016,5,3,114,147,0
"1845",2016,5,4,76,101,1
"1846",2016,5,5,97,132,1
"1847",2016,5,6,64,90,0
"1848",2016,5,7,98,127,0
"1849",2016,5,8,106,154,0
"1850",2016,5,9,122,166,0
"1851",2016,6,NA,46,53,0
"1852",2016,6,1,95,112,1
"1853",2016,6,2,48,59,0
"1854",2016,6,3,98,127,0
"1855",2016,6,4,74,102,0
"1856",2016,6,5,70,96,1
"1857",2016,6,6,61,75,0
"1858",2016,6,7,79,100,0
"1859",2016,6,8,92,121,0
"1860",2016,6,9,104,142,3
"1861",2016,7,NA,32,38,2
"1862",2016,7,1,84,103,0
"1863",2016,7,2,49,58,0
"1864",2016,7,3,98,132,1
"1865",2016,7,4,94,128,1
"1866",2016,7,5,82,100,0
"1867",2016,7,6,75,105,0
"1868",2016,7,7,69,90,0
"1869",2016,7,8,93,138,0
"1870",2016,7,9,94,122,0
"1871",2016,8,NA,18,26,0
"1872",2016,8,1,36,41,0
"1873",2016,8,2,33,49,0
"1874",2016,8,3,52,69,0
"1875",2016,8,4,56,80,0
"1876",2016,8,5,48,61,0
"1877",2016,8,6,30,42,0
"1878",2016,8,7,59,70,1
"1879",2016,8,8,38,53,0
"1880",2016,8,9,59,94,0
"1881",2016,9,NA,45,54,1
"1882",2016,9,1,93,120,0
"1883",2016,9,2,48,53,1
"1884",2016,9,3,85,110,0
"1885",2016,9,4,78,103,2
"1886",2016,9,5,83,120,0
"1887",2016,9,6,67,95,0
"1888",2016,9,7,87,130,1
"1889",2016,9,8,84,109,0
"1890",2016,9,9,104,133,0
"1891",2016,10,NA,51,80,0
"1892",2016,10,1,97,118,0
"1893",2016,10,2,49,67,0
"1894",2016,10,3,94,116,0
"1895",2016,10,4,95,110,1
"1896",2016,10,5,84,107,0
"1897",2016,10,6,79,108,0
"1898",2016,10,7,104,140,1
"1899",2016,10,8,120,144,1
"1900",2016,10,9,100,121,0
"1901",2016,11,NA,59,81,0
"1902",2016,11,1,92,118,0
"1903",2016,11,2,49,67,0
"1904",2016,11,3,89,119,0
"1905",2016,11,4,80,96,3
"1906",2016,11,5,93,121,0
"1907",2016,11,6,65,83,0
"1908",2016,11,7,77,104,1
"1909",2016,11,8,101,140,1
"1910",2016,11,9,114,151,3
"1911",2016,12,NA,38,51,0
"1912",2016,12,1,72,87,0
"1913",2016,12,2,43,62,0
"1914",2016,12,3,71,86,0
"1915",2016,12,4,44,61,0
"1916",2016,12,5,58,80,1
"1917",2016,12,6,47,57,2
"1918",2016,12,7,61,77,1
"1919",2016,12,8,67,81,1
"1920",2016,12,9,79,109,0
"1921",2017,1,NA,38,44,1
"1922",2017,1,1,55,66,0
"1923",2017,1,2,38,51,0
"1924",2017,1,3,57,70,0
"1925",2017,1,4,57,75,1
"1926",2017,1,5,63,85,0
"1927",2017,1,6,67,91,0
"1928",2017,1,7,49,61,1
"1929",2017,1,8,70,94,0
"1930",2017,1,9,68,88,0
"1931",2017,2,NA,31,38,1
"1932",2017,2,1,79,104,0
"1933",2017,2,2,39,58,0
"1934",2017,2,3,68,98,0
"1935",2017,2,4,56,78,0
"1936",2017,2,5,55,73,0
"1937",2017,2,6,52,64,1
"1938",2017,2,7,68,83,2
"1939",2017,2,8,88,108,0
"1940",2017,2,9,61,84,0
"1941",2017,3,NA,42,58,1
"1942",2017,3,1,85,100,0
"1943",2017,3,2,44,55,0
"1944",2017,3,3,89,113,0
"1945",2017,3,4,76,109,0
"1946",2017,3,5,87,112,1
"1947",2017,3,6,80,94,0
"1948",2017,3,7,74,96,0
"1949",2017,3,8,111,153,0
"1950",2017,3,9,100,126,1
"1951",2017,4,NA,44,54,0
"1952",2017,4,1,83,108,0
"1953",2017,4,2,37,54,1
"1954",2017,4,3,91,118,0
"1955",2017,4,4,60,78,1
"1956",2017,4,5,70,98,0
"1957",2017,4,6,60,86,1
"1958",2017,4,7,73,94,0
"1959",2017,4,8,104,143,0
"1960",2017,4,9,95,121,1
"1961",2017,5,NA,31,40,1
"1962",2017,5,1,105,125,0
"1963",2017,5,2,59,75,1
"1964",2017,5,3,106,132,0
"1965",2017,5,4,73,103,0
"1966",2017,5,5,82,106,1
"1967",2017,5,6,61,74,0
"1968",2017,5,7,78,110,0
"1969",2017,5,8,107,126,0
"1970",2017,5,9,92,135,1
"1971",2017,6,NA,22,26,0
"1972",2017,6,1,89,107,0
"1973",2017,6,2,63,76,0
"1974",2017,6,3,118,161,0
"1975",2017,6,4,58,81,0
"1976",2017,6,5,68,91,1
"1977",2017,6,6,94,118,0
"1978",2017,6,7,78,101,0
"1979",2017,6,8,90,110,0
"1980",2017,6,9,79,100,0
"1981",2017,7,NA,49,67,1
"1982",2017,7,1,80,109,0
"1983",2017,7,2,40,48,0
"1984",2017,7,3,97,114,1
"1985",2017,7,4,68,90,1
"1986",2017,7,5,63,85,1
"1987",2017,7,6,60,77,0
"1988",2017,7,7,73,93,0
"1989",2017,7,8,92,115,3
"1990",2017,7,9,69,100,0
"1991",2017,8,NA,27,33,1
"1992",2017,8,1,39,44,0
"1993",2017,8,2,32,39,0
"1994",2017,8,3,67,92,0
"1995",2017,8,4,39,53,0
"1996",2017,8,5,37,60,1
"1997",2017,8,6,41,64,0
"1998",2017,8,7,46,52,0
"1999",2017,8,8,50,63,0
"2000",2017,8,9,50,65,0
"2001",2017,9,NA,37,45,0
"2002",2017,9,1,92,116,0
"2003",2017,9,2,52,67,0
"2004",2017,9,3,101,122,0
"2005",2017,9,4,44,65,0
"2006",2017,9,5,78,101,1
"2007",2017,9,6,62,79,0
"2008",2017,9,7,82,124,2
"2009",2017,9,8,94,114,0
"2010",2017,9,9,104,145,2
"2011",2017,10,NA,33,46,0
"2012",2017,10,1,88,104,0
"2013",2017,10,2,40,58,0
"2014",2017,10,3,108,142,0
"2015",2017,10,4,72,106,0
"2016",2017,10,5,62,74,0
"2017",2017,10,6,81,105,1
"2018",2017,10,7,89,126,0
"2019",2017,10,8,108,133,0
"2020",2017,10,9,109,135,1
"2021",2017,11,NA,39,47,1
"2022",2017,11,1,96,117,0
"2023",2017,11,2,59,74,0
"2024",2017,11,3,85,103,0
"2025",2017,11,4,64,88,0
"2026",2017,11,5,79,101,0
"2027",2017,11,6,67,99,0
"2028",2017,11,7,77,95,1
"2029",2017,11,8,95,116,1
"2030",2017,11,9,112,148,0
"2031",2017,12,NA,35,44,0
"2032",2017,12,1,85,98,1
"2033",2017,12,2,48,61,1
"2034",2017,12,3,76,93,1
"2035",2017,12,4,52,69,0
"2036",2017,12,5,70,86,1
"2037",2017,12,6,56,66,2
"2038",2017,12,7,66,84,2
"2039",2017,12,8,77,104,0
"2040",2017,12,9,87,105,1
"2041",2018,1,NA,36,53,0
"2042",2018,1,1,71,87,0
"2043",2018,1,2,37,52,1
"2044",2018,1,3,87,111,1
"2045",2018,1,4,63,80,0
"2046",2018,1,5,60,76,0
"2047",2018,1,6,67,87,0
"2048",2018,1,7,66,97,1
"2049",2018,1,8,73,92,2
"2050",2018,1,9,75,102,3
"2051",2018,2,NA,52,67,1
"2052",2018,2,1,70,85,1
"2053",2018,2,2,40,53,1
"2054",2018,2,3,71,95,0
"2055",2018,2,4,58,78,0
"2056",2018,2,5,65,84,0
"2057",2018,2,6,55,69,0
"2058",2018,2,7,62,78,0
"2059",2018,2,8,76,108,0
"2060",2018,2,9,78,102,0
"2061",2018,3,NA,32,38,0
"2062",2018,3,1,70,91,1
"2063",2018,3,2,40,50,0
"2064",2018,3,3,75,90,0
"2065",2018,3,4,75,97,0
"2066",2018,3,5,70,98,0
"2067",2018,3,6,54,68,1
"2068",2018,3,7,56,68,0
"2069",2018,3,8,92,126,0
"2070",2018,3,9,89,116,0
"2071",2018,4,NA,32,47,0
"2072",2018,4,1,83,97,1
"2073",2018,4,2,43,56,0
"2074",2018,4,3,68,91,0
"2075",2018,4,4,63,86,0
"2076",2018,4,5,47,61,0
"2077",2018,4,6,74,100,1
"2078",2018,4,7,75,106,0
"2079",2018,4,8,95,134,0
"2080",2018,4,9,95,130,0
"2081",2018,5,NA,39,52,0
"2082",2018,5,1,78,84,0
"2083",2018,5,2,41,59,0
"2084",2018,5,3,108,126,0
"2085",2018,5,4,80,111,0
"2086",2018,5,5,94,122,2
"2087",2018,5,6,68,92,2
"2088",2018,5,7,84,113,0
"2089",2018,5,8,81,114,0
"2090",2018,5,9,128,163,0
"2091",2018,6,NA,23,26,0
"2092",2018,6,1,80,100,0
"2093",2018,6,2,65,85,0
"2094",2018,6,3,99,116,1
"2095",2018,6,4,76,92,1
"2096",2018,6,5,85,107,0
"2097",2018,6,6,89,113,0
"2098",2018,6,7,77,100,0
"2099",2018,6,8,105,135,0
"2100",2018,6,9,95,115,0
"2101",2018,7,NA,30,44,0
"2102",2018,7,1,66,89,0
"2103",2018,7,2,54,69,1
"2104",2018,7,3,93,124,0
"2105",2018,7,4,57,74,0
"2106",2018,7,5,68,98,0
"2107",2018,7,6,87,118,0
"2108",2018,7,7,59,85,1
"2109",2018,7,8,68,95,0
"2110",2018,7,9,85,133,0
"2111",2018,8,NA,23,37,0
"2112",2018,8,1,32,39,0
"2113",2018,8,2,30,44,0
"2114",2018,8,3,43,47,0
"2115",2018,8,4,34,40,0
"2116",2018,8,5,32,36,1
"2117",2018,8,6,23,27,0
"2118",2018,8,7,42,56,0
"2119",2018,8,8,54,71,0
"2120",2018,8,9,56,78,1
"2121",2018,9,NA,39,57,1
"2122",2018,9,1,90,110,0
"2123",2018,9,2,52,70,0
"2124",2018,9,3,92,117,1
"2125",2018,9,4,82,104,0
"2126",2018,9,5,77,97,1
"2127",2018,9,6,74,108,0
"2128",2018,9,7,80,104,3
"2129",2018,9,8,85,107,1
"2130",2018,9,9,87,117,0
"2131",2018,10,NA,36,48,1
"2132",2018,10,1,103,125,0
"2133",2018,10,2,52,67,1
"2134",2018,10,3,111,139,0
"2135",2018,10,4,77,97,2
"2136",2018,10,5,75,92,0
"2137",2018,10,6,72,83,0
"2138",2018,10,7,79,111,0
"2139",2018,10,8,113,137,1
"2140",2018,10,9,119,160,2
"2141",2018,11,NA,30,44,0
"2142",2018,11,1,88,101,0
"2143",2018,11,2,51,58,0
"2144",2018,11,3,82,96,1
"2145",2018,11,4,78,94,0
"2146",2018,11,5,80,98,0
"2147",2018,11,6,77,110,0
"2148",2018,11,7,73,92,1
"2149",2018,11,8,104,128,1
"2150",2018,11,9,119,147,0
"2151",2018,12,NA,23,28,0
"2152",2018,12,1,83,107,0
"2153",2018,12,2,40,57,0
"2154",2018,12,3,81,114,0
"2155",2018,12,4,62,78,0
"2156",2018,12,5,68,87,0
"2157",2018,12,6,62,75,3
"2158",2018,12,7,59,75,1
"2159",2018,12,8,100,128,0
"2160",2018,12,9,78,107,0
"2161",2019,1,NA,27,36,0
"2162",2019,1,1,72,96,0
"2163",2019,1,2,43,59,0
"2164",2019,1,3,74,89,1
"2165",2019,1,4,48,59,0
"2166",2019,1,5,77,96,1
"2167",2019,1,6,49,61,0
"2168",2019,1,7,85,112,0
"2169",2019,1,8,81,97,0
"2170",2019,1,9,60,83,0
"2171",2019,2,NA,12,20,0
"2172",2019,2,1,70,84,0
"2173",2019,2,2,40,53,0
"2174",2019,2,3,87,108,0
"2175",2019,2,4,67,96,0
"2176",2019,2,5,66,74,0
"2177",2019,2,6,50,59,0
"2178",2019,2,7,67,91,0
"2179",2019,2,8,77,112,1
"2180",2019,2,9,72,92,0
"2181",2019,3,NA,27,30,1
"2182",2019,3,1,106,132,1
"2183",2019,3,2,68,86,0
"2184",2019,3,3,96,116,0
"2185",2019,3,4,61,67,0
"2186",2019,3,5,77,97,0
"2187",2019,3,6,64,73,0
"2188",2019,3,7,71,88,0
"2189",2019,3,8,103,134,0
"2190",2019,3,9,102,142,0
"2191",2019,4,NA,34,42,0
"2192",2019,4,1,101,123,1
"2193",2019,4,2,63,77,0
"2194",2019,4,3,87,117,0
"2195",2019,4,4,50,67,1
"2196",2019,4,5,53,65,0
"2197",2019,4,6,65,84,1
"2198",2019,4,7,87,110,0
"2199",2019,4,8,88,118,0
"2200",2019,4,9,74,105,1
"2201",2019,5,NA,33,43,0
"2202",2019,5,1,81,103,0
"2203",2019,5,2,43,51,0
"2204",2019,5,3,90,118,0
"2205",2019,5,4,93,115,0
"2206",2019,5,5,76,104,1
"2207",2019,5,6,65,81,1
"2208",2019,5,7,87,111,1
"2209",2019,5,8,86,116,0
"2210",2019,5,9,111,148,0
"2211",2019,6,NA,31,43,1
"2212",2019,6,1,85,115,1
"2213",2019,6,2,48,58,0
"2214",2019,6,3,89,118,0
"2215",2019,6,4,47,63,0
"2216",2019,6,5,73,105,0
"2217",2019,6,6,76,101,1
"2218",2019,6,7,85,104,0
"2219",2019,6,8,76,105,0
"2220",2019,6,9,99,134,0
"2221",2019,7,NA,40,58,0
"2222",2019,7,1,79,92,0
"2223",2019,7,2,43,51,0
"2224",2019,7,3,88,100,0
"2225",2019,7,4,63,89,1
"2226",2019,7,5,72,104,0
"2227",2019,7,6,49,60,0
"2228",2019,7,7,75,98,0
"2229",2019,7,8,96,120,2
"2230",2019,7,9,98,137,2
"2231",2019,8,NA,10,12,0
"2232",2019,8,1,33,38,0
"2233",2019,8,2,26,34,0
"2234",2019,8,3,57,68,0
"2235",2019,8,4,31,40,1
"2236",2019,8,5,36,47,0
"2237",2019,8,6,41,52,0
"2238",2019,8,7,38,50,1
"2239",2019,8,8,43,62,0
"2240",2019,8,9,48,56,0
"2241",2019,9,NA,28,36,0
"2242",2019,9,1,86,105,0
"2243",2019,9,2,47,66,0
"2244",2019,9,3,80,92,0
"2245",2019,9,4,68,88,0
"2246",2019,9,5,64,80,0
"2247",2019,9,6,68,91,0
"2248",2019,9,7,58,86,0
"2249",2019,9,8,93,130,0
"2250",2019,9,9,98,134,0
"2251",2019,10,NA,35,48,0
"2252",2019,10,1,93,113,0
"2253",2019,10,2,55,72,0
"2254",2019,10,3,89,109,0
"2255",2019,10,4,83,109,0
"2256",2019,10,5,91,113,1
"2257",2019,10,6,71,99,0
"2258",2019,10,7,82,100,1
"2259",2019,10,8,99,129,0
"2260",2019,10,9,103,138,0
"2261",2019,11,NA,48,61,0
"2262",2019,11,1,81,94,0
"2263",2019,11,2,47,55,0
"2264",2019,11,3,92,115,0
"2265",2019,11,4,80,103,2
"2266",2019,11,5,80,102,1
"2267",2019,11,6,64,78,0
"2268",2019,11,7,68,88,0
"2269",2019,11,8,105,128,0
"2270",2019,11,9,88,115,2
"2271",2019,12,NA,37,52,0
"2272",2019,12,1,86,108,0
"2273",2019,12,2,33,45,0
"2274",2019,12,3,66,84,1
"2275",2019,12,4,53,65,0
"2276",2019,12,5,51,64,0
"2277",2019,12,6,63,73,0
"2278",2019,12,7,62,105,2
"2279",2019,12,8,100,129,0
"2280",2019,12,9,82,119,0
"2281",2020,1,NA,21,26,0
"2282",2020,1,1,54,63,0
"2283",2020,1,2,37,48,0
"2284",2020,1,3,56,66,0
"2285",2020,1,4,66,89,1
"2286",2020,1,5,48,65,1
"2287",2020,1,6,49,64,0
"2288",2020,1,7,52,66,0
"2289",2020,1,8,76,98,1
"2290",2020,1,9,76,93,1
"2291",2020,2,NA,28,39,0
"2292",2020,2,1,64,75,1
"2293",2020,2,2,31,35,0
"2294",2020,2,3,70,86,2
"2295",2020,2,4,46,57,0
"2296",2020,2,5,54,68,0
"2297",2020,2,6,44,56,0
"2298",2020,2,7,61,75,0
"2299",2020,2,8,70,88,1
"2300",2020,2,9,64,81,0
"2301",2020,3,NA,10,13,1
"2302",2020,3,1,16,17,0
"2303",2020,3,2,15,17,0
"2304",2020,3,3,30,41,0
"2305",2020,3,4,21,30,0
"2306",2020,3,5,18,23,0
"2307",2020,3,6,15,20,0
"2308",2020,3,7,27,36,2
"2309",2020,3,8,21,30,0
"2310",2020,3,9,26,29,0
"2311",2020,4,NA,7,10,0
"2312",2020,4,1,4,6,0
"2313",2020,4,2,11,11,0
"2314",2020,4,3,12,14,0
"2315",2020,4,4,10,12,0
"2316",2020,4,5,7,8,0
"2317",2020,4,6,10,13,0
"2318",2020,4,7,6,9,0
"2319",2020,4,8,11,15,0
"2320",2020,4,9,9,9,0
"2321",2020,5,NA,24,26,0
"2322",2020,5,1,33,37,0
"2323",2020,5,2,26,31,1
"2324",2020,5,3,38,46,0
"2325",2020,5,4,34,43,0
"2326",2020,5,5,37,52,0
"2327",2020,5,6,31,40,0
"2328",2020,5,7,39,49,0
"2329",2020,5,8,44,54,0
"2330",2020,5,9,32,35,1
"2331",2020,6,NA,30,40,0
"2332",2020,6,1,49,60,0
"2333",2020,6,2,32,37,0
"2334",2020,6,3,79,89,1
"2335",2020,6,4,45,54,0
"2336",2020,6,5,45,54,0
"2337",2020,6,6,39,42,0
"2338",2020,6,7,66,75,1
"2339",2020,6,8,67,81,0
"2340",2020,6,9,61,76,1
"2341",2020,7,NA,31,34,0
"2342",2020,7,1,53,65,0
"2343",2020,7,2,49,60,0
"2344",2020,7,3,73,87,0
"2345",2020,7,4,60,77,0
"2346",2020,7,5,47,54,0
"2347",2020,7,6,54,69,0
"2348",2020,7,7,66,81,1
"2349",2020,7,8,78,95,1
"2350",2020,7,9,70,94,0
"2351",2020,8,NA,18,28,0
"2352",2020,8,1,28,32,0
"2353",2020,8,2,26,34,0
"2354",2020,8,3,41,51,0
"2355",2020,8,4,42,47,0
"2356",2020,8,5,34,42,0
"2357",2020,8,6,40,48,0
"2358",2020,8,7,40,56,0
"2359",2020,8,8,26,41,1
"2360",2020,8,9,62,85,0
"2361",2020,9,NA,25,29,0
"2362",2020,9,1,71,80,0
"2363",2020,9,2,55,81,0
"2364",2020,9,3,80,98,0
"2365",2020,9,4,75,108,0
"2366",2020,9,5,56,71,0
"2367",2020,9,6,66,73,0
"2368",2020,9,7,79,89,0
"2369",2020,9,8,94,119,1
"2370",2020,9,9,86,112,0
"2371",2020,10,NA,31,37,1
"2372",2020,10,1,78,93,1
"2373",2020,10,2,36,48,0
"2374",2020,10,3,104,129,0
"2375",2020,10,4,47,60,1
"2376",2020,10,5,67,76,0
"2377",2020,10,6,53,61,0
"2378",2020,10,7,76,96,0
"2379",2020,10,8,75,88,0
"2380",2020,10,9,84,100,0
"2381",2020,11,NA,9,10,0
"2382",2020,11,1,33,37,0
"2383",2020,11,2,18,23,0
"2384",2020,11,3,42,48,0
"2385",2020,11,4,45,57,0
"2386",2020,11,5,38,42,1
"2387",2020,11,6,41,49,0
"2388",2020,11,7,40,49,0
"2389",2020,11,8,55,73,0
"2390",2020,11,9,41,48,0
"2391",2020,12,NA,25,27,0
"2392",2020,12,1,46,56,0
"2393",2020,12,2,26,28,0
"2394",2020,12,3,45,54,1
"2395",2020,12,4,49,57,2
"2396",2020,12,5,45,56,0
"2397",2020,12,6,28,39,1
"2398",2020,12,7,44,53,0
"2399",2020,12,8,44,54,1
"2400",2020,12,9,60,71,0
"2401",2021,1,NA,19,24,0
"2402",2021,1,1,39,42,0
"2403",2021,1,2,16,19,0
"2404",2021,1,3,62,77,0
"2405",2021,1,4,41,50,0
"2406",2021,1,5,28,39,0
"2407",2021,1,6,34,40,0
"2408",2021,1,7,29,31,1
"2409",2021,1,8,49,61,0
"2410",2021,1,9,36,47,0
"2411",2021,2,NA,20,22,0
"2412",2021,2,1,47,58,0
"2413",2021,2,2,32,34,0
"2414",2021,2,3,50,60,0
"2415",2021,2,4,46,59,0
"2416",2021,2,5,51,64,0
"2417",2021,2,6,39,55,0
"2418",2021,2,7,51,58,0
"2419",2021,2,8,66,80,0
"2420",2021,2,9,61,81,0
"2421",2021,3,NA,33,36,0
"2422",2021,3,1,59,64,0
"2423",2021,3,2,29,30,0
"2424",2021,3,3,64,78,2
"2425",2021,3,4,43,51,1
"2426",2021,3,5,48,61,0
"2427",2021,3,6,47,62,0
"2428",2021,3,7,53,61,0
"2429",2021,3,8,48,57,0
"2430",2021,3,9,59,76,0
"2431",2021,4,NA,26,32,0
"2432",2021,4,1,62,73,0
"2433",2021,4,2,39,47,0
"2434",2021,4,3,85,97,0
"2435",2021,4,4,41,47,0
"2436",2021,4,5,66,72,0
"2437",2021,4,6,51,64,0
"2438",2021,4,7,55,73,0
"2439",2021,4,8,51,62,0
"2440",2021,4,9,53,66,0
"2441",2021,5,NA,35,49,0
"2442",2021,5,1,99,110,0
"2443",2021,5,2,45,52,0
"2444",2021,5,3,82,106,0
"2445",2021,5,4,57,64,0
"2446",2021,5,5,76,90,1
"2447",2021,5,6,65,80,2
"2448",2021,5,7,77,99,1
"2449",2021,5,8,100,124,1
"2450",2021,5,9,97,112,1
"2451",2021,6,NA,30,34,0
"2452",2021,6,1,87,104,0
"2453",2021,6,2,54,65,0
"2454",2021,6,3,88,96,0
"2455",2021,6,4,64,77,0
"2456",2021,6,5,78,87,0
"2457",2021,6,6,66,77,0
"2458",2021,6,7,87,111,1
"2459",2021,6,8,109,133,0
"2460",2021,6,9,98,126,1
"2461",2021,7,NA,40,45,1
"2462",2021,7,1,78,91,0
"2463",2021,7,2,51,60,0
"2464",2021,7,3,89,116,0
"2465",2021,7,4,65,80,0
"2466",2021,7,5,57,73,0
"2467",2021,7,6,67,87,0
"2468",2021,7,7,78,107,0
"2469",2021,7,8,78,93,0
"2470",2021,7,9,77,105,0
"2471",2021,8,NA,18,20,0
"2472",2021,8,1,42,52,0
"2473",2021,8,2,37,49,0
"2474",2021,8,3,48,63,0
"2475",2021,8,4,42,57,0
"2476",2021,8,5,43,56,0
"2477",2021,8,6,37,48,0
"2478",2021,8,7,41,52,0
"2479",2021,8,8,38,48,1
"2480",2021,8,9,64,81,2
"2481",2021,9,NA,26,37,0
"2482",2021,9,1,92,118,1
"2483",2021,9,2,63,86,1
"2484",2021,9,3,98,117,0
"2485",2021,9,4,83,96,0
"2486",2021,9,5,69,86,0
"2487",2021,9,6,52,67,0
"2488",2021,9,7,81,100,1
"2489",2021,9,8,93,139,1
"2490",2021,9,9,104,142,0
"2491",2021,10,NA,41,46,1
"2492",2021,10,1,99,117,1
"2493",2021,10,2,61,78,0
"2494",2021,10,3,97,122,0
"2495",2021,10,4,76,98,2
"2496",2021,10,5,74,93,2
"2497",2021,10,6,61,78,0
"2498",2021,10,7,88,106,0
"2499",2021,10,8,115,146,0
"2500",2021,10,9,116,152,0
"2501",2021,11,NA,36,47,1
"2502",2021,11,1,75,94,1
"2503",2021,11,2,51,71,0
"2504",2021,11,3,90,112,0
"2505",2021,11,4,72,83,0
"2506",2021,11,5,56,68,0
"2507",2021,11,6,61,78,0
"2508",2021,11,7,85,115,0
"2509",2021,11,8,101,120,2
"2510",2021,11,9,93,113,0
"2511",2021,12,NA,29,37,0
"2512",2021,12,1,62,74,0
"2513",2021,12,2,29,35,0
"2514",2021,12,3,80,97,0
"2515",2021,12,4,46,57,0
"2516",2021,12,5,59,73,0
"2517",2021,12,6,55,70,1
"2518",2021,12,7,60,76,0
"2519",2021,12,8,70,88,0
"2520",2021,12,9,75,97,0
"2521",2022,1,NA,25,30,0
"2522",2022,1,1,60,68,0
"2523",2022,1,2,39,56,0
"2524",2022,1,3,72,94,0
"2525",2022,1,4,53,67,0
"2526",2022,1,5,55,66,0
"2527",2022,1,6,32,45,0
"2528",2022,1,7,50,63,2
"2529",2022,1,8,67,90,0
"2530",2022,1,9,68,102,1
"2531",2022,2,NA,36,44,0
"2532",2022,2,1,64,71,0
"2533",2022,2,2,34,46,0
"2534",2022,2,3,61,75,0
"2535",2022,2,4,51,68,0
"2536",2022,2,5,56,65,0
"2537",2022,2,6,57,63,0
"2538",2022,2,7,52,67,0
"2539",2022,2,8,75,95,0
"2540",2022,2,9,76,93,0
"2541",2022,3,NA,19,21,0
"2542",2022,3,1,70,81,0
"2543",2022,3,2,42,54,0
"2544",2022,3,3,82,95,3
"2545",2022,3,4,50,58,1
"2546",2022,3,5,65,83,0
"2547",2022,3,6,54,64,1
"2548",2022,3,7,71,90,0
"2549",2022,3,8,85,107,0
"2550",2022,3,9,77,102,1
"2551",2022,4,NA,37,44,0
"2552",2022,4,1,86,101,0
"2553",2022,4,2,53,66,0
"2554",2022,4,3,81,101,0
"2555",2022,4,4,50,63,0
"2556",2022,4,5,41,56,0
"2557",2022,4,6,55,74,1
"2558",2022,4,7,76,98,0
"2559",2022,4,8,83,103,0
"2560",2022,4,9,86,109,1
"2561",2022,5,NA,34,49,0
"2562",2022,5,1,90,109,0
"2563",2022,5,2,50,67,0
"2564",2022,5,3,99,126,0
"2565",2022,5,4,78,102,0
"2566",2022,5,5,70,102,1
"2567",2022,5,6,68,92,0
"2568",2022,5,7,75,88,1
"2569",2022,5,8,86,112,0
"2570",2022,5,9,115,144,0
"2571",2022,6,NA,29,38,0
"2572",2022,6,1,83,99,0
"2573",2022,6,2,53,61,0
"2574",2022,6,3,109,136,0
"2575",2022,6,4,83,109,0
"2576",2022,6,5,76,100,0
"2577",2022,6,6,61,75,0
"2578",2022,6,7,69,85,1
"2579",2022,6,8,103,129,0
"2580",2022,6,9,94,121,0
"2581",2022,7,NA,33,53,1
"2582",2022,7,1,66,79,0
"2583",2022,7,2,45,51,0
"2584",2022,7,3,106,126,2
"2585",2022,7,4,60,73,0
"2586",2022,7,5,55,69,0
"2587",2022,7,6,49,60,0
"2588",2022,7,7,66,81,0
"2589",2022,7,8,86,116,0
"2590",2022,7,9,79,101,1
"2591",2022,8,NA,19,22,0
"2592",2022,8,1,35,43,0
"2593",2022,8,2,26,32,1
"2594",2022,8,3,50,59,1
"2595",2022,8,4,50,60,1
"2596",2022,8,5,40,61,1
"2597",2022,8,6,33,49,0
"2598",2022,8,7,43,60,0
"2599",2022,8,8,48,58,1
"2600",2022,8,9,45,70,0
"2601",2022,9,4,71,94,0
"2602",2022,9,5,73,88,0
"2603",2022,9,6,55,69,0
"2604",2022,9,7,80,90,3
"2605",2022,9,8,95,125,2
"2606",2022,9,9,83,105,0
"2607",2022,9,NA,36,44,0
"2608",2022,9,1,79,98,0
"2609",2022,9,2,56,68,1
"2610",2022,9,3,91,117,1
"2611",2022,10,NA,29,34,0
"2612",2022,10,1,95,108,0
"2613",2022,10,2,52,68,0
"2614",2022,10,3,90,116,0
"2615",2022,10,4,80,93,0
"2616",2022,10,5,57,72,0
"2617",2022,10,6,72,87,1
"2618",2022,10,7,87,117,0
"2619",2022,10,8,100,124,0
"2620",2022,10,9,96,127,1
"2621",2022,11,NA,25,32,0
"2622",2022,11,1,86,102,1
"2623",2022,11,2,51,61,0
"2624",2022,11,3,97,125,1
"2625",2022,11,4,66,83,2
"2626",2022,11,5,53,63,0
"2627",2022,11,6,48,62,1
"2628",2022,11,7,83,103,0
"2629",2022,11,8,91,113,0
"2630",2022,11,9,82,102,0
"2631",2022,12,NA,24,31,0
"2632",2022,12,1,59,68,0
"2633",2022,12,2,31,40,1
"2634",2022,12,3,64,77,0
"2635",2022,12,4,47,57,0
"2636",2022,12,5,58,71,0
"2637",2022,12,6,48,59,0
"2638",2022,12,7,66,84,3
"2639",2022,12,8,80,101,1
"2640",2022,12,9,65,92,0
